序号,项目名称,项目类别,项目目的,初始投资成本,运行成本,维护成本,故障成本,退役成本,总LCC,增供电量效益,可靠性提升效益,提前更换残旧设备收益,低电压效益,总效益,总利润,单位投资效益,供电分区
1,新增220kV弼臣变电站10kV弼湖线湖边池边2#配变满足新增负荷需求,低压配电网项目,新建台区满足负荷需求,103.4173,9.401358298342092,146.93662956235352,0.0,-0.5714195750889012,259.1838682856067,157.41809243735597,10.299628456408536,0.6470993816210373,0.0,167.7177208937645,-91.46614739184221,0.6470993816210373,C
2,新增配变满足220kV弼臣变电站10kV弼深线坑尾村2#公变新增负荷需求,低压配电网项目,新建台区满足负荷需求,93.1297,9.401358298342092,91.97673087695313,0.0,-0.5182284234795247,193.9895607518157,157.41809243735597,9.272777280996207,0.8592775254108201,0.0,166.69086971835216,-27.29869103346354,0.8592775254108201,C
3,新增配变满足220kV弼臣变电站10kV弼湖线湖边池边配变新增负荷需求,低压配电网项目,新建台区满足负荷需求,66.4202,9.401358298342092,29.31091732636719,0.0,-0.4131851513172701,104.71929047339201,157.41809243735597,6.6154109058382335,1.5664115236234653,0.0,164.0335033431942,59.314212869802205,1.5664115236234653,C
4,新增220kV弼臣变电站10KV弼洪线洪洞中学1#配变满足新增负荷需求,低压配电网项目,新建台区满足负荷需求,48.0259,9.401358298342092,56.186158003320315,0.0,-0.27100007448375873,113.34241622717865,157.41809243735597,4.782637141238647,1.4310682176872467,0.0,162.2007295785946,48.85831335141596,1.4310682176872467,C
5,220kV弼臣变电站10kV弼洪线洪洞村小学路新增公变换大变压器及低压线路改造满足新增负荷需求,低压配电网项目,新建台区满足负荷需求,47.6424,9.38255558174541,97.77371200000002,0.0,-0.24847907346763545,154.55018850827778,157.1032562524813,4.745297098496381,1.0472232671674095,0.0,161.84855335097768,7.298364842699897,1.0472232671674095,C
6,新增配变满足110kV棉城变电站10kV河溪线10kV西田13#公用台变新增负荷和低压线路改造,低压配电网项目,新建台区满足负荷需求,37.5,9.401358298342092,132.4975,0.0,-0.16036811603898826,179.23849018230308,157.41809243735597,3.73400427422666,0.8990931386873164,0.0,161.15209671158263,-18.086393470720452,0.8990931386873164,C
7,新增110kV关埠站10kV东凤线东凤5+1配变满足新增负荷需求及低压线路改造,低压配电网项目,新建台区满足负荷需求,37.08,10.431914576304248,139.63225,0.0,-0.15338214411582438,186.99078243218844,174.67391848695485,4.880032344697376,0.9602288866659342,0.0,179.55395083165223,-7.436831600536209,0.9602288866659342,C
8,新增110kV关埠站10kV东凤线东凤6+1#配变满足新增负荷需求低压线路改造,低压配电网项目,新建台区满足负荷需求,26.1,10.804068951416541,59.00053779296875,0.0,-0.11542944272064183,95.78917730166465,180.90534058185835,3.681163636850445,1.9270079294803695,0.0,184.5865042187088,88.79732691704415,1.9270079294803695,C
9,新增110kV关埠站10kV洋文线洋文3+1#配变满足新增负荷需求及低压线路改造,低压配电网项目,新建台区满足负荷需求,24.82,9.401358298342092,30.58343782705078,0.0,-0.12045906299945594,64.68433706239341,157.41809243735597,2.47066616144664,2.471831139655596,0.0,159.8887585988026,95.2044215364092,2.471831139655596,C
10,新增配变解决110KV关埠站10KV石井线桥东1#公用台变及低压线路改造满足新增负荷需求,低压配电网项目,新建台区满足负荷需求,29.93,9.401358298342092,42.853292077636716,0.0,-0.15041478964509133,82.03423558633371,157.41809243735597,3.0286874496414753,1.9558514654304486,0.0,160.44677988699743,78.41254430066373,1.9558514654304486,D
11,新增110kV棉城站10kV华阳线上陇5#配变满足新增负荷需求,低压配电网项目,新建台区满足负荷需求,30.63,9.401358298342092,106.19160000000001,0.0,-0.12483383631714041,146.09812446202494,157.41809243735597,3.0494368239517726,1.0983544782124688,0.0,160.46752926130773,14.36940479928279,1.0983544782124688,C
12,新增110kV棉城站10kV河溪线西田18#配变满足新增负荷需求,低压配电网项目,新建台区满足负荷需求,30.63,9.401358298342092,106.19160000000001,0.0,-0.12483383631714041,146.09812446202494,157.41809243735597,1.2797212345389632,1.0862412796623204,0.0,158.69781367189492,12.599689209869979,1.0862412796623204,C
13,新增配变解决110kV上堡站10kV大亨线10kV二片宝田路边6#公用台变配变重载,低压配电网项目,新建台区满足负荷需求,57.755,9.401358298342092,94.1552,0.0,-0.32015289639425165,160.99140540194784,157.41809243735597,5.750366582309055,1.0135227940415932,0.0,163.16845901966502,2.1770536177171778,1.0135227940415932,B
14,新增配变解决110kV上堡站10kV环东线10kV谷饶二七八30#公用台变配变重载,低压配电网项目,解决配变重载,57.755,14.408103674566952,94.1552,0.0,-0.32015289639425165,165.9981507781727,241.25196850437686,31.860260111940665,1.645272717412882,0.0,273.1122286163175,107.11407783814482,1.645272717412882,B
15,新增配变解决220kV谷饶站10kV石壁线谷饶仙地村2#公用台变配变重载,低压配电网项目,新建台区满足负荷需求,57.755,9.401358298342092,94.1552,0.0,-0.32015289639425165,160.99140540194784,157.41809243735597,5.750366582309055,1.0135227940415932,0.0,163.16845901966502,2.1770536177171778,1.0135227940415932,B
16,新增配变解决110kV上堡站10kV茂乡线茂二2#公变配变台区重载,低压配电网项目,新建台区满足负荷需求,107.16,9.401358298342092,80.9981,0.0,-0.5202581203342146,197.03920017800786,157.41809243735597,10.673028883831204,0.8530846713208914,0.0,168.09112132118716,-28.9480788568207,0.8530846713208914,B
17,新增220kV谷饶变电站10kV明生线官田公路边13+1#公用台变配变满足新增负荷需求,低压配电网项目,新建台区满足负荷需求,95.66,9.401358298342092,82.1105,0.0,-0.2842461252117119,186.88761217313038,157.41809243735597,9.527934239735027,0.8932963760189426,0.0,166.946026677091,-19.94158549603938,0.8932963760189426,B
18,新增110kV上堡变电站10kV茂一线茂一神厂边1+1#公用台变配变满足新增负荷需求,低压配电网项目,新建台区满足负荷需求,57.755,9.401358298342092,94.1552,0.0,-0.32015289639425165,160.99140540194784,157.41809243735597,5.750366582309055,1.0135227940415932,0.0,163.16845901966502,2.1770536177171778,1.0135227940415932,B
19,新增110kV上堡变电站10kV环东线二七八5+1#公变配变满足新增负荷需求,低压配电网项目,新建台区满足负荷需求,57.755,9.401358298342092,94.1552,0.0,-0.32015289639425165,160.99140540194784,157.41809243735597,5.750366582309055,1.0135227940415932,0.0,163.16845901966502,2.1770536177171778,1.0135227940415932,B
20,新增220kV谷饶变电站10kV新寮线水吼1+1#公用台变配变满足新增负荷需求,低压配电网项目,新建台区满足负荷需求,52.995,9.401358298342092,79.8857,0.0,-0.2947672519410644,141.98729104640103,157.41809243735597,5.2773927075736795,1.1458454059227121,0.0,162.69548514492965,20.708194098528622,1.1458454059227121,B
21,新增220kV谷饶变电站10kV新寮线玉光1+1#公变配变满足新增负荷需求,低压配电网项目,新建台区满足负荷需求,57.755,9.401358298342092,94.1552,0.0,-0.32015289639425165,160.99140540194784,157.41809243735597,5.750366582309055,1.0135227940415932,0.0,163.16845901966502,2.1770536177171778,1.0135227940415932,B
22,新增配变解决220kV谷饶站10kV谷南线沟南1#公变配变重载,低压配电网项目,新建台区满足负荷需求,57.755,9.401358298342092,94.1552,0.0,-0.32015289639425165,160.99140540194784,157.41809243735597,5.750366582309055,1.0135227940415932,0.0,163.16845901966502,2.1770536177171778,1.0135227940415932,B
23,新增110kV上堡变电站10kV堡中线上二七八14+1#公用台变配变满足新增负荷需求,低压配电网项目,新建台区满足负荷需求,57.755,9.401358298342092,94.1552,0.0,-0.32015289639425165,160.99140540194784,157.41809243735597,5.750366582309055,1.0135227940415932,0.0,163.16845901966502,2.1770536177171778,1.0135227940415932,B
24,新增110kV上堡变电站10kV华雅线华光加油站42+1#公用台变配变满足新增负荷需求,低压配电网项目,新建台区满足负荷需求,57.755,12.016543815810884,94.1552,0.0,-0.32015289639425165,163.60659091941662,201.2072452879962,11.321820393187574,1.2990250850337905,0.0,212.52906568118377,48.92247476176715,1.2990250850337905,B
25,220kV谷饶站新出10kV广场乙线满足新增负荷,变电站10kV出线工程,变电站新出线满足新增负荷供电,422.84,32.761853398062534,6.6744,0.0,-2.0406487844852483,460.23560461357727,1523.8071347936059,449.009865082118,4.286537112947051,0.0,1972.816999875724,1512.5813952621465,4.286537112947051,B
26,110kV仙马变电站10kV彭新线网架完善,中压配电网改造项目,完善中压网架,290.27,33.00946616426708,116.38080000000001,0.0,-1.6651352232632683,437.9951309410038,921.1944045841977,846.3312985978032,4.035491671755775,0.0,1767.525703182001,1329.5305722409971,4.035491671755775,C
27,110kV双凤站10kV练新线与110kV和平站10kV中业线网架完善,中压配电网改造项目,完善中压网架,102.8553,7.018651216737162,59.607716906250005,0.0,-0.6319909663644971,168.84967715662268,433.3841839926144,86.0833096391337,3.07650865775655,0.0,519.4674936317481,350.61781647512544,3.07650865775655,B
28,新增配变满足110kV双凤变电站10kV练岗线10kV和平练北练光公用台变新增负荷,低压配电网项目,新建台区满足负荷需求,32.98,9.401358298342092,55.00640162353516,0.0,-0.1660414282468499,97.2217184936304,157.41809243735597,3.282812091090938,1.6529321536213681,0.0,160.7009045284469,63.47918603481649,1.6529321536213681,B
29,110kV里美站10kV五和线10kV和平五和村2#公用台变换大变压器及低压线路改造满足新增负荷,低压配电网项目,新建台区满足负荷需求,38.83,9.38255558174541,79.8857,0.0,-0.19521363796559463,127.90304194377981,157.1032562524813,3.8678060940531154,1.2585397493305104,0.0,160.9710623465344,33.0680204027546,1.2585397493305104,B
30,新增配变解决110kV双凤站10kV练新线10kV和平和平乡新英西港新增公用台变配变重载及低压线路改造,低压配电网项目,新建台区满足负荷需求,31.67,9.401358298342092,56.43300324707032,0.0,-0.15602793026104764,97.34833361515136,157.41809243735597,3.153677776607267,1.6494557662255835,0.0,160.57177021396322,63.22343659881186,1.6494557662255835,B
31,新增配变解决110kV里美站10kV里下线10kV和平里美新围2#公用台变配变重载,低压配电网项目,新建台区满足负荷需求,22.66,9.401358298342092,30.127103247070313,0.0,-0.10545342929617078,62.08300811611624,157.41809243735597,2.2559609156786076,2.5719445335894493,0.0,159.67405335303457,97.59104523691832,2.5719445335894493,B
32,110kV和平站10kV中业线10kV和平凤善东凤路2#公用台更换变压器解决高损,低压配电网项目,改造台区满足新增负荷,20.0,6.567788907221786,0.968,0.0,-0.10112088936668259,27.434668017855103,109.97227937673689,1.3503392689994327,4.0577352192957115,0.0,111.32261864573633,83.88795062788122,4.0577352192957115,B
33,新增110kV和平站10kV新科线10kV和平中寨德苑2号配变满足新增负荷需求,低压配电网项目,新建台区满足负荷需求,39.85,9.401358298342092,55.22888162353516,0.0,-0.18328708006280525,104.29695284181444,157.41809243735597,3.967379541365826,1.5473651682182183,0.0,161.3854719787218,57.08851913690735,1.5473651682182183,B
34,新增110kV里美站10kV里南线10kV和平下寨柴桥头中央直沟边2号配变满足新增负荷需求,低压配电网项目,新建台区满足负荷需求,42.14,9.401358298342092,62.14289350585938,0.0,-0.22638405997834168,113.45786774422312,157.41809243735597,4.194531468047948,1.4244285312124831,0.0,161.61262390540392,48.1547561611808,1.4244285312124831,B
35,新增110kV和平站10k10kV和美线10kV和平下寨塘前洋3号配变满足新增负荷需求,低压配电网项目,新建台区满足负荷需求,42.14,9.401358298342092,62.14289350585938,0.0,-0.22638405997834168,113.45786774422312,157.41809243735597,4.194531468047948,1.4244285312124831,0.0,161.61262390540392,48.1547561611808,1.4244285312124831,B
36,新增110kV和平站10k10kV和美线10kV和平下寨塘前洋4号配变满足新增负荷需求,低压配电网项目,新建台区满足负荷需求,31.67,9.401358298342092,56.43300324707032,0.0,-0.15602793026104764,97.34833361515136,157.41809243735597,3.153677776607267,1.6494557662255835,0.0,160.57177021396322,63.22343659881186,1.6494557662255835,B
37,110kV口美站新出10kV线路调整220kV潮阳站10kV金浦线负荷,变电站10kV出线工程,变电站新出线满足新增负荷供电,650.0,144.12414410186366,152.83010390625,0.0,-3.8636402223512243,943.0906077857624,2793.406671888132,350.5952587252128,3.3337220248593056,0.0,3144.001930613345,2200.911322827583,3.3337220248593056,C
38,110kV双凤站新出10kV工业园Ⅱ线满足梅花工业园新增负荷,变电站10kV出线工程,变电站新出线满足新增负荷供电,656.4852,55.956914583149064,8.6455728,0.0,-3.4077463370077044,717.6799410461414,2008.8774289988771,1289.3065386950707,4.595619549971371,0.0,3298.183967693948,2580.5040266478068,4.595619549971371,C
39,110kV双凤站新出10kV梅花Ⅱ线调整10kV梅花线负荷,变电站10kV出线工程,变电站新出线满足新增负荷供电,400.0,12.864262928509186,46.09621195312501,0.0,-2.7233686820302303,456.23710619960394,997.3379024689328,398.2937892508439,3.059005225035745,0.0,1395.6316917197767,939.3945855201728,3.059005225035745,C
40,新增配变解决110kV里美变电站10kV里南线10kV和平下寨乡址公用台变重载,低压配电网项目,解决配变重载,22.66,13.888335239406803,30.127103247070313,0.0,-0.10545342929617078,66.56998505718094,232.54886912495107,11.048764955953128,3.659271274759392,0.0,243.5976340809042,177.02764902372326,3.659271274759392,B
41,新增配变解决110kV和平变电站10kV新科线10kV和平中寨工业区公用台变重载,低压配电网项目,解决配变重载,22.66,13.390308795213347,30.127103247070313,0.0,-0.10545342929617078,66.07195861298749,224.20982168729324,10.972308552431107,3.559484767468292,0.0,235.18213023972436,169.11017162673687,3.559484767468292,B
42,新增配变解决110kV双凤变电站10kV练岗线10kV和平乡和洪路口2#公用台变重载,低压配电网项目,新建台区满足负荷需求,22.66,9.401358298342092,30.127103247070313,0.0,-0.10545342929617078,62.08300811611624,157.41809243735597,2.2559609156786076,2.5719445335894493,0.0,159.67405335303457,97.59104523691832,2.5719445335894493,B
43,新增配变解决110kV和平变电站10kV和美线10kV和平塘围涝投围公用台变重载,低压配电网项目,解决配变重载,22.66,12.455374461524887,30.127103247070313,0.0,-0.10545342929617078,65.13702427929903,208.5551072627423,8.263188562603364,3.3286490782209706,0.0,216.81829582534567,151.68127154604664,3.3286490782209706,B
44,新增配变解决110kV里美变电站10kV塘围线10kV和平里美向东西公用台变重载,低压配电网项目,解决配变重载,22.66,12.912984103774411,30.127103247070313,0.0,-0.10545342929617078,65.59463392154855,216.21740824924595,8.94841476441275,3.432686632308337,0.0,225.1658230136587,159.57118909211016,3.432686632308337,B
45,新增配变解决110kV海门变电站10kV海峰线新德草井路公变重载,低压配电网项目,新建台区满足负荷需求,58.88,13.888335239406803,66.73275000000001,0.0,-0.34250238403576194,139.15858285537107,232.54886912495107,14.236924249328437,1.7734141028927155,0.0,246.7857933742795,107.62721051890844,1.7734141028927155,C
46,110KV海门站10KV港口线莲花芯3#公变换大变压器满足新增负荷需求,低压配电网项目,新建台区满足负荷需求,58.88,12.88715813556687,66.73275000000001,0.0,-0.34250238403576194,138.15740575153114,215.78497343274756,11.803673997882997,1.6473141355877572,0.0,227.58864743063057,89.43124167909943,1.6473141355877572,C
47,220kV弼臣变电站新出10kV凤南Ⅲ线调整110kV海门站10kV凤南线负荷,变电站10kV出线工程,变电站新出线满足新增负荷供电,670.897,59.64198201072478,38.10564,0.0,-3.364401909351138,765.2802201013736,1569.9831085752303,445.4252209788602,2.6335560185876976,0.0,2015.4083295540904,1250.1281094527167,2.6335560185876976,C
48,110kV口美站10kV南关线馈线组自动化专项改造,中压配电网改造项目,配电自动化项目,588.0,0.0,8.00928,0.0,-3.015190462138462,592.9940895378616,0.0,1368.3014190339084,2.3074452902224833,0.0,1368.3014190339084,775.3073294960468,2.3074452902224833,B
49,新增配变满足110kV口美站10kV美华线城南新华锦华花园2#公用配变新增负荷及低压线路改造,低压配电网项目,新建台区满足负荷需求,56.61,18.802716596684185,32.8688,0.0,-0.29656575316353684,107.98495084352065,314.83618487471193,5.638346454082256,2.9677703126724477,0.0,320.47453132879417,212.4895804852735,2.9677703126724477,B
50,新增配变满足110kV城东站10kV沧州线城南新宫新园1#公用台变新增负荷,低压配电网项目,新建台区满足负荷需求,60.75,5.922855727955518,100.93042,0.0,-0.33907124571293634,167.26420448224258,99.17339823553426,6.049086924247187,0.6290795181520878,0.0,105.22248515978146,-62.04171932246112,0.6290795181520878,B
51,110kV棉城变电站10kV金凤线馈线组自动化专项改造,中压配电网改造项目,完善中压网架,678.88,3.757693842693588,2.536272,0.0,-4.417434706475705,680.756531136218,460.0799300434309,754.3770528909051,1.7839813903912818,0.0,1214.456982934336,533.7004517981181,1.7839813903912818,B
52,110kV河溪变电站新出10kV棉北I线调整110kV棉城站10kV棉北线负荷,变电站10kV出线工程,变电站新出线满足新增负荷供电,327.36,180.98112218405487,113.80376390625,0.0,-1.092645322445257,621.0522407678596,3413.3125865610896,162.07911146564592,5.756990255129222,0.0,3575.3916980267354,2954.339457258876,5.756990255129222,B
53,110kV城东变电站新出10kV后溪I线调整10kV后溪线负荷及网架完善,变电站10kV出线工程,变电站新出线满足新增负荷供电,177.5,6.701288195058242,3.3372,0.0,-0.7819298573998474,186.7565583376584,623.3756460519294,58.91428966002065,3.6533653317725028,0.0,682.2899357119501,495.5333773742917,3.6533653317725028,B
54,110kV城东变电站新出10kV东山Ⅰ线调整10kV东山线负荷及网架完善,变电站10kV出线工程,变电站新出线满足新增负荷供电,160.5,5.204124324754099,2.89224,0.0,-0.7245268148650047,167.87183750988908,558.666151543501,53.27179431230036,3.6452686462060857,0.0,611.9379458558013,444.06610834591226,3.6452686462060857,B
55,110kV口美变电站新出10kV棉华I线调整10kV棉华线负荷及网架完善,变电站10kV出线工程,变电站新出线满足新增负荷供电,365.28,29.783503089147754,6.6744,0.0,-1.6361090018923758,400.10179408725537,1385.2792134487327,363.6920163096767,4.3713156391820345,0.0,1748.9712297584094,1348.869435671154,4.3713156391820345,B
56,220kV弼臣站新出10kV金海I线调整110kV海门站10kV金海线负荷,变电站10kV出线工程,变电站新出线满足新增负荷供电,211.9514,23.397346427379397,32.09868,0.0,-0.9768848597851882,266.47054156759424,1255.8602244318752,211.09570830294723,5.505133603530832,0.0,1466.9559327348225,1200.4853911672283,5.505133603530832,C
57,220kV弼臣站新出10kV银滩I线调整110kV海门站10kV银滩线负荷,变电站10kV出线工程,变电站新出线满足新增负荷供电,255.896,20.49655732442595,5.33952,0.0,-1.0535689037023326,280.6785084207236,1191.4663859942193,254.78355831139916,5.152692140353545,0.0,1446.2499443056186,1165.571435884895,5.152692140353545,C
58,220kV弼臣站新出10kV海门I线调整10kV海门线满足新增负荷,变电站10kV出线工程,变电站新出线满足新增负荷供电,702.285,55.09948071492333,36.3258,0.0,-3.833302593838945,789.8769781210842,1708.5110299201035,699.5034673717945,3.0485943558197506,0.0,2408.014497291898,1618.1375191708137,3.0485943558197506,C
59,220kV弼臣站新出10kV海峰I线调整10kV海峰线满足新增负荷,变电站10kV出线工程,变电站新出线满足新增负荷供电,743.16,48.97731619104297,8.8992,0.0,-3.9815260826312264,797.0549901084116,1708.5110299201035,739.8307135334425,3.0717350419204252,0.0,2448.341743453546,1651.2867533451342,3.0717350419204252,C
60,新增配变满足110kV海门变电站10kV海峰线海门西南石厝公用台变新增负荷需求,低压配电网项目,新建台区满足负荷需求,36.5,9.401358298342092,38.01887324707032,0.0,-0.1988981833162944,83.72133336209612,157.41809243735597,3.6344308269139494,1.923673653974372,0.0,161.05252326426992,77.3311899021738,1.923673653974372,C
61,新增110kV海门站10kV港口线西南门莲花芯6#配变满足新增负荷,低压配电网项目,新建台区满足负荷需求,45.19,9.401358298342092,82.73890324707031,0.0,-0.2382993460885696,137.0919621993238,157.41809243735597,4.499475150443125,1.1810872423897492,0.0,161.91756758779908,24.82560538847528,1.1810872423897492,C
62,新增配变解决110kV海门站10kV海军线北新坑口公变重载,低压配电网项目,新建台区满足负荷需求,42.63,9.401358298342092,72.21654324707032,0.0,-0.22540692466417137,124.02249462074825,157.41809243735597,4.244318191704303,1.3034926536787714,0.0,161.66241062906028,37.63991600831203,1.3034926536787714,C
63,110kV金灶站新出线调整220kV谷饶站10k谷丹线负荷,变电站10kV出线工程,变电站新出线满足新增负荷供电,660.0,99.27834363049251,174.5712,0.0,-4.076188110632327,929.7733555198602,1847.0389512649772,700.997069081485,2.74049154583677,0.0,2548.0360203464625,1618.2626648266023,2.74049154583677,B
64,110kV上堡站新出线调整110kV上堡站10kV大亨线负荷,变电站10kV出线工程,变电站新出线满足新增负荷供电,340.0,42.09050936765388,5.562,0.0,-1.613625979576278,386.03888338807764,2349.2377321481235,532.8700864647883,7.465848500332498,0.0,2882.1078186129116,2496.068935224834,7.465848500332498,B
65,110kV铜盂站10kV铜华线、上堡线网架完善,中压配电网改造项目,完善中压网架,370.0,8.58246120270944,30.763800000000003,0.0,-2.273898720286017,407.07236248242344,598.7763629797283,970.8658132801197,3.855929119549652,0.0,1569.642176259848,1162.5698137774245,3.855929119549652,B
66,220kV谷饶站10kV新波线、谷茂、谷苑馈线组网架完善,中压配电网改造项目,完善中压网架,269.0,5.332305499768021,29.87388,0.0,-1.6882072037757057,302.5179782959923,465.1402020412687,1238.597250899147,5.631855212497254,0.0,1703.7374529404156,1401.2194746444234,5.631855212497254,B
67,110kV东明站新出线调整220kV谷饶站10kV谷山线负荷,变电站10kV出线工程,变电站新出线满足新增负荷供电,240.0,27.085090181346693,4.4496,0.0,-1.066000279092365,270.4686899022543,1889.6574545125595,792.2576125297359,9.915806032896166,0.0,2681.9150670422955,2411.446377140041,9.915806032896166,B
68,110kV东明站新出线调整220kV谷饶站10kV谷苑线负荷,变电站10kV出线工程,变电站新出线满足新增负荷供电,420.0,31.851801914783014,7.7868,0.0,-1.8655004884116388,457.77310142637145,1269.8392789946715,139.40282623779532,3.078472939631929,0.0,1409.2421052324669,951.4690038060954,3.078472939631929,B
69,110kV东明站新出线调整220kV谷饶站10kV谷茂线负荷,变电站10kV出线工程,变电站新出线满足新增负荷供电,420.0,31.851801914783014,7.7868,0.0,-1.8655004884116388,457.77310142637145,1269.8392789946715,139.40282623779532,3.078472939631929,0.0,1409.2421052324669,951.4690038060954,3.078472939631929,B
70,110kV东明站新出线调整110kV上堡站10kV华雅线负荷,变电站10kV出线工程,解决中压线路重载,1150.0,169.97510068730696,83.80637999999999,0.0,-6.303910540445939,1397.4775701468611,2927.5162550257164,4173.295914873903,5.081163606191828,0.0,7100.812169899619,5703.334599752758,5.081163606191828,B
71,110kV东明站新出线调整110kV上堡站10kV华光线负荷,变电站10kV出线工程,变电站新出线满足新增负荷供电,570.0,102.13029419263914,11.34648,0.0,-2.4231187994391683,681.0536553932,2793.406671888132,827.4012770358692,5.316479722634425,0.0,3620.8079489240013,2939.754293530801,5.316479722634425,B
72,110kV东明站新出线调整110kV上堡站10kV上五线负荷,变电站10kV出线工程,变电站新出线满足新增负荷供电,590.0,55.09948071492333,10.011600000000001,0.0,-2.749907666346348,652.361173048577,1708.5110299201035,587.4833391449947,3.5195141340732894,0.0,2295.994369065098,1643.633196016521,3.5195141340732894,B
73,110kV东明站新出线完善110kV上堡站10kV桂光线网架,变电站10kV出线工程,变电站新出线满足新增负荷供电,720.0,45.743647916544575,6.6744,0.0,-4.129131095035944,768.2889168215086,2127.611531002073,289.6831018265977,3.146335421353299,0.0,2417.2946328286707,1649.0057160071622,3.146335421353299,B
74,110kV东明站新出线调整110kV上堡站10kV茂乡线负荷,变电站10kV出线工程,变电站新出线满足新增负荷供电,830.0,87.62312660222666,10.011600000000001,0.0,-4.436661450611279,923.1980651516154,2716.9961737124545,1638.4598775616198,4.717791572232969,0.0,4355.4560512740745,3432.257986122459,4.717791572232969,B
75,110kV东明站新出线调整110kV上堡站10kV茂一线负荷,变电站10kV出线工程,变电站新出线满足新增负荷供电,740.0,90.08736516839225,10.011600000000001,0.0,-3.80412878151193,836.2948363868803,2793.406671888132,1264.3484259514482,4.852062838712079,0.0,4057.7550978395802,3221.4602614527,4.852062838712079,B
76,110kV东明站新出线调整110kV上堡站10kV茂兴线负荷,变电站10kV出线工程,变电站新出线满足新增负荷供电,580.0,44.031732366638046,6.6744,0.0,-3.1451913875480675,627.56094097909,2047.9875519366533,555.717824121062,4.148928344704725,0.0,2603.7053760577155,1976.1444350786255,4.148928344704725,B
77,110kV东明站新出线调整110kV东洋站10kV谷中线负荷,变电站10kV出线工程,解决中压线路重载,880.0,94.41239922457936,10.011600000000001,0.0,-4.788068488999806,979.6359307355796,2927.5162550257164,2966.305844580711,6.016339248786976,0.0,5893.822099606427,4914.186168870848,6.016339248786976,B
78,110kV东明站新出线调整110kV东洋站10kV乐和线负荷,变电站10kV出线工程,变电站新出线满足新增负荷供电,530.0,83.17105002587186,8.8992,0.0,-2.483407596573257,619.5868424292986,2901.315698576925,434.07814795245815,5.383254804850035,0.0,3335.393846529383,2715.8070041000847,5.383254804850035,B
79,110kV东明站新出线完善110kV东洋站10kV五洲线网架,变电站10kV出线工程,变电站新出线满足新增负荷供电,460.0,41.59192736697652,6.6744,0.0,-2.301814495415602,505.9645128715609,1934.5082496268146,40.730389822575596,3.903907466235294,0.0,1975.2386394493901,1469.2741265778293,3.903907466235294,B
80,110kV东明站新出线调整110kV东洋站10kV茂真线负荷,变电站10kV出线工程,变电站新出线满足新增负荷供电,630.0,75.95617344526828,61.97256,0.0,-3.712626605600018,764.2161068396683,2523.930392902803,1309.4251170196242,5.016062178766222,0.0,3833.355509922427,3069.1394030827587,5.016062178766222,B
81,110kV东明站新出线纺织园区1线满足新增负荷,变电站10kV出线工程,变电站新出线满足新增负荷供电,535.0,11.251545611455818,4.4496,0.0,-3.1393018055846755,547.5618438058713,784.9915542876151,177.5726477076678,1.7579095637944848,0.0,962.5642019952829,415.00235818941167,1.7579095637944848,B
82,新增配变解决110关埠站10kV沿山线515洋贝2#公用台变重载,低压配电网项目,新建台区满足负荷需求,50.0,11.191712368207417,41.140150811767576,0.0,-0.29243822458068386,102.03942495539431,187.3961140723102,7.439582799562682,1.9094158650643485,0.0,194.8356968718729,92.79627191647859,1.9094158650643485,D
83,新增配变解决110关埠站10kV关井线512玉一5#公用台变重载,低压配电网项目,新建台区满足负荷需求,65.0,11.595604041411349,41.140150811767576,0.0,-0.39786033609724203,117.33789451708168,194.15895139107374,10.790876942929486,1.7466635921626092,0.0,204.94982833400323,87.61193381692155,1.7466635921626092,D
84,新增配变满足110kV关埠变电站10kV石井线玉二9#配变新增负荷需求,低压配电网项目,新建台区满足负荷需求,65.0,18.802716596684185,149.72753610351566,0.0,-0.3059613423665033,233.22429135783332,314.83618487471193,9.471631396141595,1.3905404723613108,0.0,324.30781627085355,91.08352491302023,1.3905404723613108,D
85,新增配变解决110关埠站10kV关埠线515下巷公用台变台区低电压问题,低压配电网项目,新建台区满足负荷需求,65.0,9.401358298342092,177.18064518964843,0.0,-0.3315899777036881,251.25041351028682,157.41809243735597,7.210272235919006,0.6552361939357949,0.0,164.62836467327497,-86.62204883701185,0.6552361939357949,D
86,110kV金灶站新出线调整110kV金灶站10kV华岗线负荷,变电站10kV出线工程,变电站新出线满足新增负荷供电,850.0,234.87412794530456,258.18588,0.0,-5.642464100227982,1337.4175438450766,3413.3125865610896,252.32998398023182,2.7408363135439333,0.0,3665.642570541321,2328.2250266962446,2.7408363135439333,C
87,新增配变解决110kV棉城变电站10kV华阳线西陇3#配变新增负荷,低压配电网项目,新建台区满足负荷需求,63.36,11.595604041411349,54.247240000000005,0.0,-0.287249952575857,128.91559408883552,194.15895139107374,10.366306848369746,1.5865051833721953,0.0,204.52525823944347,75.60966415060795,1.5865051833721953,C
88,新增配变解决110kV棉城变电站10kV河海线西陇二甲洋8#配变新增负荷,低压配电网项目,新建台区满足负荷需求,50.64,9.401358298342092,59.28620649414063,0.0,-0.28773849346560915,119.03982629901711,157.41809243735597,5.040905770205992,1.3647449199016797,0.0,162.45899820756196,43.419171908544854,1.3647449199016797,C
89,新增配变解决110kV棉城变电站10kV河海线西陇5#配变新增负荷,低压配电网项目,新建台区满足负荷需求,50.64,9.401358298342092,59.28620649414063,0.0,-0.28773849346560915,119.03982629901711,157.41809243735597,4.812308366641808,1.3628245760077802,0.0,162.23040080399778,43.190574504980674,1.3628245760077802,C
90,新增配变解决110kV棉城变电站10kV河海线西陇9#配变新增负荷,低压配电网项目,新建台区满足负荷需求,60.0,9.401358298342092,59.28620649414063,0.0,-0.35352189105194143,128.33404290143076,157.41809243735597,5.382798013084603,1.2685713530858111,0.0,162.80089045044056,34.4668475490098,1.2685713530858111,C
91,新增配变解决110kV棉城变电站10kV河海线华东4#配变新增负荷,低压配电网项目,新建台区满足负荷需求,50.64,9.401358298342092,59.28620649414063,0.0,-0.28773849346560915,119.03982629901711,157.41809243735597,5.040905770205992,1.3647449199016797,0.0,162.45899820756196,43.419171908544854,1.3647449199016797,C
92,新增配变解决110kV棉城变电站10kV河海线上坑2#配变新增负荷,低压配电网项目,新建台区满足负荷需求,60.0,9.401358298342092,59.28620649414063,0.0,-0.35352189105194143,128.33404290143076,157.41809243735597,5.974406838762658,1.273181266498517,0.0,163.39249927611863,35.058456374687864,1.273181266498517,C
93,新增配变解决110kV棉城变电站10kV河海线东陇2#配变新增负荷,低压配电网项目,新建台区满足负荷需求,59.69,9.401358298342092,72.43915649414063,0.0,-0.34496864373756475,141.18554614874517,157.41809243735597,5.943290136477433,1.1570687441455587,0.0,163.3613825738334,22.17583642508822,1.1570687441455587,C
94,新增110kV海门站10kV银滩线新华大道边公变满足新增负荷需求,低压配电网项目,新建台区满足负荷需求,34.8,9.401358298342092,79.8857,0.0,-0.16689023067147934,123.9201680676706,157.41809243735597,3.4664006345737493,1.2982914369844427,0.0,160.8844930719297,36.96432500425911,1.2982914369844427,C
95,110kV城东变电站10kV沧州线馈线组自动化专项改造,中压配电网改造项目,完善中压网架,379.58,8.58246120270944,4.4496,0.0,-2.0469881674577772,390.56507303525166,598.7763629797283,1411.4371960704557,5.146936318263015,0.0,2010.213559050184,1619.6484860149321,5.146936318263015,B
96,110kV城东变电站新出10kV东岩I线调整10kV东岩线负荷,变电站10kV出线工程,变电站新出线满足新增负荷供电,588.95,20.639874546861584,3.3372,0.0,-3.6736583762990387,609.2534161705627,1919.9883299406122,639.2397829395051,4.20059706676089,0.0,2559.2281128801174,1949.9746967095548,4.20059706676089,B
97,更换110kV城东变电站10kV凤北线10kV城南凤上居委公用台变及低压线路改造工程,低压配电网项目,改造台区满足新增负荷,38.0,9.38255558174541,106.19160000000001,0.0,-0.17663123377560933,153.39752434796978,157.1032562524813,3.612975634116214,1.0477107278604174,0.0,160.7162318865975,7.318707538627734,1.0477107278604174,B
98,更换110kV口美站10kV美中线10kV城南五仙阀门公用台变及低压线路改造工程,低压配电网项目,更换残旧设备或线路,46.0,9.38255558174541,32.53508,0.0,-0.2685536925054338,87.64908188923997,157.1032562524813,16.195070766652222,1.9771835971781935,0.0,173.29832701913352,85.64924512989356,1.9771835971781935,B
99,更换110kV城东站10kV城郊线10kV城南五仙民基公用台变为箱变及低压线路改造工程,低压配电网项目,改造台区满足新增负荷,58.75,15.550499709713995,103.034892,0.0,-0.3239950403891764,177.0113966693248,260.38046025567616,11.649540838603844,1.5367937105341278,0.0,272.03000109428,95.01860442495521,1.5367937105341278,B
100,更换110kV口美变电站10kV双树线10kV城南后双园棉新路公用台变及低压线路改造工程,低压配电网项目,更换残旧设备或线路,40.0,11.572412833328524,25.274651600000002,0.0,-0.2299035849681656,76.61716084836036,193.77063348829157,21.031219035503398,2.803573639969874,0.0,214.80185252379496,138.1846916754346,2.803573639969874,B
101,110kV口美变电站10kV南关线桂桥配变换大变压器及低压线路改造工程,低压配电网项目,更换残旧设备或线路,32.0,1.9267828175991057,35.797011600000005,0.0,-0.168578839884907,69.55521557771421,32.2624099691013,2.5669135699213097,0.5007435208091293,0.0,34.82932353902261,-34.7258920386916,0.5007435208091293,B
102,新增110KV口美站10KV美华线长春园1#箱变及低压线路改造工程,低压配电网项目,新建台区满足负荷需求,53.23,15.042173277347349,32.690816,0.0,-0.29764077757537505,100.66534849977197,251.86894789976958,5.299174399173335,2.5546836734939182,0.0,257.16812229894293,156.50277379917097,2.5546836734939182,B
103,新增110KV城东站10KV城郊线南丰园箱变及低压线路改造工程,低压配电网项目,新建台区满足负荷需求,51.36,15.042173277347349,32.8688,0.0,-0.2596680141327415,99.0113052632146,251.86894789976958,5.115585855690524,2.595506978443369,0.0,256.9845337554601,157.97322849224554,2.595506978443369,B
104,110kV城东变电站10kV东山线自动化专项改造,中压配电网改造项目,配电自动化项目,152.066,0.0,1.77984,0.0,-0.8204398519227695,153.02540014807724,0.0,193.6830178632064,1.2656919549028216,0.0,193.6830178632064,40.65761771512916,1.2656919549028216,B
105,110kV棉城变电站新出一回10kV棉信I线满足新增负荷,变电站10kV出线工程,变电站新出线满足新增负荷供电,248.738,13.387220685212297,4.89456,0.0,-1.0653368226038875,265.9544438626084,849.385392725271,82.56298339678949,3.504165460019549,0.0,931.9483761220605,665.9939322594521,3.504165460019549,B
106,110kV棉城站10kV虎尾线10kV虎尾公用台变更换变压器解决高损配变问题,低压配电网项目,改造台区满足新增负荷,20.0,4.416292192102481,2.020236,0.0,-0.10061092747257315,26.33591726462991,73.94721810032061,0.21737626518425968,2.8161006742343697,0.0,74.16459436550487,47.828677100874955,2.8161006742343697,B
107,110kV棉城站10kV红旗岭线棉田长园大路公用台变更换变压器解决高损配变问题,低压配电网项目,改造台区满足新增负荷,21.0,7.018247782990887,2.020236,0.0,-0.1076390682403437,29.930844714750545,117.51484659891716,1.295347782540846,3.9694901869209813,0.0,118.810194381458,88.87934966670745,3.9694901869209813,B
108,110kV口美变电站10kV美莲线馈线组自动化专项改造及网架完善,中压配电网改造项目,完善中压网架,443.95,19.35179953880157,7.7868,0.0,-2.0338244597997437,469.05477507900184,771.5003138392651,1013.9838030133559,3.8065578088441714,0.0,1785.484116852621,1316.429341773619,3.8065578088441714,B
109,110kV口美变电站10kV文光线馈线组自动化改造及网架完善,中压配电网改造项目,完善中压网架,392.5,10.93438566691347,5.562,0.0,-1.9826033698842314,407.0137822970292,610.2912930370309,3453.405551660704,9.984175036441748,0.0,4063.696844697735,3656.6830624007057,9.984175036441748,B
110,110kV城东变电站10kV公园线馈线组自动化专项改造及网架完善,中压配电网改造项目,完善中压网架,426.9217,12.172240648073481,5.562,0.0,-2.224523922950199,442.43141672512326,679.3808733808455,1102.043824913769,4.026442587374825,0.0,1781.4246982946145,1338.9932815694913,4.026442587374825,B
111,110kV口美变电站10kV美悦线风吹岩塔馆公台更换淘汰型S7高损配变及低压线路改造满足新增负荷需求,低压配电网项目,改造台区满足新增负荷,30.0,5.097427536604427,0.968,0.0,-0.17140229704438803,35.894025239560044,85.35227503151599,2.0747657961569343,2.4356989845573676,0.0,87.42704082767293,51.53301558811288,2.4356989845573676,B
112,110kV口美变电站10kV古帅线古帅工业区公台更换淘汰型S7高损配变及低压线路改造满足新增负荷需求,低压配电网项目,更换残旧设备或线路,30.0,8.394757509725485,0.968,0.0,-0.17140229704438803,39.191355212681096,140.56338155819415,11.534628418426708,3.8809071324843267,0.0,152.09800997662086,112.90665476393977,3.8809071324843267,B
113,110kV城东变电站10kV东门线南和园公用配电站2#变压器更换淘汰型S7高损配变及低压线路改造满足新增负荷需求,低压配电网项目,改造台区满足新增负荷,120.0,14.121088051486831,6.93838,0.0,-0.7708830257410656,140.28858502574576,236.44612551326784,7.83196776019671,1.741254238387497,0.0,244.27809327346455,103.98950824771879,1.741254238387497,B
114,110kV城东变电站10kV东门线南和园公用配电站1#变压器更换淘汰型S7高损配变及低压线路改造满足新增负荷需求,低压配电网项目,改造台区满足新增负荷,120.0,14.121088051486831,6.93838,0.0,-0.7708830257410656,140.28858502574576,236.44612551326784,13.47098454753834,1.781450073182657,0.0,249.91711006080618,109.62852503506042,1.781450073182657,B
115,新增配变解决110kV口美变电站10KV美竹线后池尾配变新增负荷需求及低压线路改造,低压配电网项目,新建台区满足负荷需求,127.0,15.042173277347349,77.71316800000001,0.0,-0.7961426134614422,218.95919866388593,251.86894789976958,12.645827808714289,1.2080550957556626,0.0,264.51477570848385,45.555577044597925,1.2080550957556626,B
116,新增配变满足110kV棉城变电站10kV西环线西门西直1#配变新增负荷需求,低压配电网项目,新建台区满足负荷需求,55.0,11.845711455911037,9.3002804,0.0,-0.28182650502074696,75.8641653508903,198.34679647106853,5.476539602199101,2.6866879129366925,0.0,203.82333607326763,127.95917072237732,2.6866879129366925,B
117,新增配变满足110kV东洋变电站10kV双岐线李者村1#公变新增负荷需求,低压配电网项目,新建台区满足负荷需求,24.86,9.401358298342092,32.53508,0.0,-0.11997879667476452,66.67645950166732,157.41809243735597,2.4753336667894232,2.3980491360694858,0.0,159.8934261041454,93.21696660247807,2.3980491360694858,C
118,新增配变满足110kV铜盂站10kV肖渡线肖渡10#配变新增负荷需求,低压配电网项目,新建台区满足负荷需求,39.63,9.401358298342092,59.36709800000001,0.0,-0.210780407514945,108.18767589082717,157.41809243735597,3.945597849766171,1.4915163761347012,0.0,161.36369028712213,53.17601439629496,1.4915163761347012,C
119,新增配变满足110kV东洋变电站10kV双岐线潮港1#配变新增负荷需求,低压配电网项目,新建台区满足负荷需求,28.58,9.401358298342092,50.843986400000006,0.0,-0.13725014337336683,88.68809455496873,157.41809243735597,2.845622423983567,1.8070488002423861,0.0,160.26371486133954,71.57562030637081,1.8070488002423861,C
120,新增配变满足110kV铜盂站10kV肖渡线肖渡4#配变新增负荷需求,低压配电网项目,新建台区满足负荷需求,29.86,9.401358298342092,32.53508,0.0,-0.15511950051361723,71.64131879782846,157.41809243735597,2.973200903352979,2.2388098939570416,0.0,160.39129334070896,88.7499745428805,2.2388098939570416,C
121,新增配变解决110kV铜盂变电站10kV溪西线溪西9#公用台变解决电压偏低,低压配电网项目,解决台区电压偏低问题,28.41,12.912984103774411,39.111554999999996,0.0,-0.141741434562166,80.29279766921223,216.21740824924595,5.7756060181323665,5.085245760475962,186.3155946767374,408.3086089441157,328.01581127490346,5.085245760475962,C
122,新增配变满足110kV铜盂站10kV灵山线洋美2#配变新增负荷需求,低压配电网项目,新建台区满足负荷需求,31.43,9.401358298342092,56.210390000000004,0.0,-0.15467953890155484,96.88706875944054,157.41809243735597,3.1303402498933504,1.6570677051431149,0.0,160.54843268724932,63.66136392780878,1.6570677051431149,C
123,新增配变满足110kV仙马站10kV凤壶线凤壶15#配变新增负荷需求,低压配电网项目,新建台区满足负荷需求,29.86,13.888335239406803,32.53508,0.0,-0.15511950051361723,76.12829573889317,232.54886912495107,7.584120918505166,3.1543197928280264,0.0,240.13299004345623,164.00469430456306,3.1543197928280264,C
124,新增配变满足110kV铜盂站10kV溪西线溪西10#配变新增负荷需求,低压配电网项目,新建台区满足负荷需求,39.057,9.401358298342092,63.049924000000004,0.0,-0.20496841622562947,111.30331388211647,157.41809243735597,3.88958778565277,1.4492621521929965,0.0,161.30768022300873,50.00436634089226,1.4492621521929965,C
125,新增配变满足110kV仙马站10kV凤壶线后岐4#配变新增负荷需求,低压配电网项目,新建台区满足负荷需求,29.79,12.455374461524887,53.579800000000006,0.0,-0.14442829277768468,95.6807461687472,208.5551072627423,5.465196533183662,2.2368168347942166,0.0,214.02030379592597,118.33955762717876,2.2368168347942166,C
126,新增配变满足110kV铜盂站10kV任屿线集星9#配变新增负荷需求,低压配电网项目,新建台区满足负荷需求,27.12,9.401358298342092,36.63880040000001,0.0,-0.13387354342289914,73.02628515491921,157.41809243735597,2.7009297583572844,2.1926217642871197,0.0,160.11902219571326,87.09273704079405,2.1926217642871197,C
127,新增配变满足110kV铜盂站10kV溪西线铜钵盂14#配变新增负荷需求,低压配电网项目,解决配变重载,42.0,18.802716596684185,60.5192393,0.0,-0.1879059318143637,121.13404996486982,314.83618487471193,5.625516824513379,2.6455129816278964,0.0,320.46170169922533,199.32765173435553,2.6455129816278964,C
128,新增配变解决110kV里美变电站10kV金广线10kV和平里美治安岗公用台变配变预过载,低压配电网项目,解决配变重载,24.225,11.595604041411349,14.12095,0.0,-0.12444026043414527,49.8171137809772,194.15895139107374,8.066011516166844,4.05934723148214,0.0,202.22496290724058,152.4078491262634,4.05934723148214,B
129,新增配变解决110kV和平变电站10kV中业线10kV和平万城公用台变配变预过载,低压配电网项目,解决配变重载,24.225,9.401358298342092,14.12095,0.0,-0.12444026043414527,47.62286803790795,157.41809243735597,3.786715479896018,3.385029389429727,0.0,161.204807917252,113.58193987934405,3.385029389429727,B
130,新增配变解决110kV里美变电站10kV龙美线10kV和平下厝高厝围仔公用台变配变预过载,低压配电网项目,解决配变重载,24.225,13.888335239406803,14.12095,0.0,-0.12444026043414527,52.10984497897266,232.54886912495107,12.296474642679412,4.69863888227705,0.0,244.84534376763048,192.73549878865782,4.69863888227705,B
131,新增配变解决110kV里美变电站10kV里厝线10kV和平新龙游泳馆公用台变配变预过载,低压配电网项目,解决配变重载,24.225,9.401358298342092,14.12095,0.0,-0.12444026043414527,47.62286803790795,157.41809243735597,4.823088854209437,3.4067914843436333,0.0,162.2411812915654,114.61831325365745,3.4067914843436333,B
132,新增配变解决110kV和平站10kV和平中寨工业区新公用台变新增负荷需求,低压配电网项目,新建台区满足负荷需求,37.9,9.401358298342092,56.43300324707032,0.0,-0.1998132472442581,103.53454829816815,157.41809243735597,3.774455987197449,1.5568962348716349,0.0,161.19254842455342,57.658000126385275,1.5568962348716349,B
133,新增配变解决110kV和平站10kV新科线10kV和平凤善白坟洋1#公用台变新增负荷接入,低压配电网项目,新建台区满足负荷需求,42.85,9.401358298342092,79.8857,0.0,-0.22346676385203224,131.91359153449005,157.41809243735597,4.266099883303959,1.2256825884267282,0.0,161.68419232065992,29.770600786169865,1.2256825884267282,B
134,新增110kV城东站10kV东实线环市东路2#箱变满足新增负荷,低压配电网项目,新建台区满足负荷需求,100.0,15.042173277347349,14.12095,0.0,-0.6569976271119582,128.5061256502354,251.86894789976958,9.957344731271096,2.0374615708489467,0.0,261.8262926310407,133.3201669808053,2.0374615708489467,B
135,新增110kV城东站10kV城府线河东箱变满足新增负荷,低压配电网项目,新建台区满足负荷需求,80.0,14.138761503366041,6.22918,0.0,-0.520259525962368,99.84768197740367,236.7420530796174,7.965875785016875,2.450812317505915,0.0,244.70792886463425,144.86024688723057,2.450812317505915,B
136,110kV东洋站新出10kV线路满足亿生工业园区新增负荷,变电站10kV出线工程,变电站新出线满足新增负荷供电,450.0,23.397346427379397,58.41288,0.0,-2.944164071539373,528.86606235584,1255.8602244318752,448.0805129071991,3.2218757425062416,0.0,1703.9407373390743,1175.0746749832342,3.2218757425062416,C
137,110kV和平变电站新出线路调整110kV和平变电站10kV里工线负荷,变电站10kV出线工程,变电站新出线满足新增负荷供电,500.0,34.32984481083776,4.4496,0.0,-2.8933168787127066,535.8861279321252,2395.1054519189133,454.9895666413893,5.318471350542764,0.0,2850.0950185603024,2314.208890628177,5.318471350542764,B
138,110kV和平变电站新出线路与110kV双凤变电站10kV练中线网架完善,变电站10kV出线工程,变电站新出线满足新增负荷供电,500.0,33.03707905083777,4.4496,0.0,-2.8933168787127066,534.5933621721251,2304.912491918914,368.4058989951372,5.000657658845589,0.0,2673.318390914051,2138.725028741926,5.000657658845589,B
139,110kV双凤变电站新出线路调整110kV里美变电站10kV里下线负荷,变电站10kV出线工程,解决中压线路重载,600.0,46.85547269229392,5.562,0.0,-3.4409425791966193,648.9765301130973,2615.189173523382,1026.3128968373692,5.611146014365336,0.0,3641.5020703607515,2992.525540247654,5.611146014365336,B
140,新增配变解决110kV铜盂变电站10kV新坑线大坑祭社公边24#公用台变配变预过载,低压配电网项目,解决配变重载,68.5497,12.016543815810884,53.722525482940675,0.0,-0.41675622020246644,133.8720130785491,201.2072452879962,23.550075170864943,1.6788969949005346,0.0,224.75732045886113,90.88530738031204,1.6788969949005346,B
141,新增配变解决220kV谷饶变电站10kV谷亨线大坑电厂5#公变配变重载,低压配电网项目,解决配变重载,68.5497,13.390308795213347,53.722525482940675,0.0,-0.41675622020246644,135.24577805795155,224.20982168729324,30.770577927498927,1.8853113441037357,0.0,254.98039961479216,119.73462155684061,1.8853113441037357,B
142,新增配变解决220kV谷饶变电站10kV谷华线10kV大坑27#公用台变配变重载,低压配电网项目,解决配变重载,68.5497,10.431914576304248,53.722525482940675,0.0,-0.41675622020246644,132.28738383904246,174.67391848695485,17.529796303494717,1.4529255112060337,0.0,192.20371479044957,59.916330951407105,1.4529255112060337,B
143,新增配变解决220kV谷饶变电站10kV谷茂线10kV上四10#公用箱变变压器配变重载,低压配电网项目,解决配变重载,68.5497,9.731226351510635,53.722525482940675,0.0,-0.41675622020246644,131.58669561424884,162.94146449041065,16.15135256788843,1.3610252633998514,0.0,179.0928170582991,47.50612144405025,1.3610252633998514,B
144,新增配变解决220kV谷饶变电站10kV谷南线10kV谷饶沟南5#公用台变配变重载,低压配电网项目,解决配变重载,68.5497,9.401358298342092,53.722525482940675,0.0,-0.41675622020246644,131.25682756108029,157.41809243735597,15.6346173975463,1.318428252841722,0.0,173.05270983490226,41.795882273821974,1.318428252841722,B
145,新增配变解决220kV谷饶变电站10kV谷新线10kV新坡28#公用台变配变重载,低压配电网项目,解决配变重载,68.5497,13.390308795213347,53.722525482940675,0.0,-0.41675622020246644,135.24577805795155,224.20982168729324,29.636388171403144,1.8769252061230752,0.0,253.8462098586964,118.60043180074484,1.8769252061230752,B
146,新增配变满足110kV上堡变电站10kV堡中线10kV上堡居委前1#公用台变新增负荷需求,低压配电网项目,新建台区满足负荷需求,52.9873,13.390308795213347,12.095395700000001,0.0,-0.3275674302851526,78.14543706492819,224.20982168729324,11.583427582081347,3.017364264959739,0.0,235.7932492693746,157.6478122044464,3.017364264959739,B
147,新增配变满足110kV上堡变电站10kV堡中线上堡4#公变新增负荷需求,低压配电网项目,新建台区满足负荷需求,99.0693,17.499302401652578,164.891704,0.0,-0.5501678352247418,280.91013856642786,293.0115750974385,30.14236651746673,1.150381909546094,0.0,323.1539416149052,42.24380304847733,1.150381909546094,B
148,换大配变满足110kV上堡变电站10kV大亨线10kV谷饶华光86#公用台变新增负荷需求,低压配电网项目,新建台区满足负荷需求,21.466,6.580950808839465,0.968,0.0,-0.11142414373223422,28.903526665107233,110.19266470614919,2.351489191694239,3.893786222070555,0.0,112.54415389784343,83.6406272327362,3.893786222070555,B
149,换大配变满足220kV谷饶变电站10kV谷丹线内寮1#公变新增负荷需求,低压配电网项目,新建台区满足负荷需求,21.466,8.41158067106762,0.968,0.0,-0.11142414373223422,30.734156527335386,140.84507170159736,2.541950044892322,4.665396352067098,0.0,143.3870217464897,112.65286521915431,4.665396352067098,B
150,换大配变满足220kV谷饶变电站10kV新波线沟南8#公用台变新增负荷需求,低压配电网项目,新建台区满足负荷需求,21.466,6.580950808839465,0.968,0.0,-0.11142414373223422,28.903526665107233,110.19266470614919,2.0664601987616042,3.883924830544353,0.0,112.25912490491079,83.35559823980356,3.883924830544353,B
151,新增配变解决110kV东洋变电站10kV东寮线东星2#公变配变重载,低压配电网项目,解决配变重载,68.5497,12.455374461524887,53.722525482940675,0.0,-0.41675622020246644,134.3108437242631,208.5551072627423,25.058961915490784,1.7393537461341326,0.0,233.61406917823308,99.30322545396999,1.7393537461341326,B
152,新增配变解决110kV上堡变电站10kV堡中线上一香港城边7#公用台变配变预过载,低压配电网项目,解决配变重载,68.5497,13.888335239406803,53.722525482940675,0.0,-0.41675622020246644,135.743804502145,232.54886912495107,33.028772732498545,1.9564623433937498,0.0,265.57764185744963,129.83383735530464,1.9564623433937498,B
153,新增配变解决110kV上堡变电站10kV上五线10kV华光学校边46#公用台变配变预过载,低压配电网项目,解决配变重载,68.5497,13.888335239406803,53.722525482940675,0.0,-0.41675622020246644,135.743804502145,232.54886912495107,33.89305879835258,1.9628293821622878,0.0,266.44192792330364,130.69812342115864,1.9628293821622878,B
154,新增配变解决110kV上堡变电站10kV新厝线10kV谷饶二七八18#公用台变配变重载,低压配电网项目,解决配变重载,68.5497,13.390308795213347,53.722525482940675,0.0,-0.41675622020246644,135.24577805795155,224.20982168729324,30.36448733977032,1.8823087321659746,0.0,254.57430902706358,119.32853096911202,1.8823087321659746,B
155,新增配变解决110kV上堡变电站10kV新厝线10kV谷饶华光82#公用台变配变预过载,低压配电网项目,解决配变重载,68.5497,9.401358298342092,53.722525482940675,0.0,-0.41675622020246644,131.25682756108029,157.41809243735597,7.479119142209213,1.2562943554523316,0.0,164.89721157956518,33.640384018484895,1.2562943554523316,B
156,新增配变解决110kV铜盂变电站10kV新坑线10kV谷饶大坑26#公用台变配变预过载,低压配电网项目,解决配变重载,68.5497,10.074528489753455,53.722525482940675,0.0,-0.41675622020246644,131.92999775249166,168.68977936331365,16.5495048117864,1.4040725182351605,0.0,185.23928417510004,53.30928642260838,1.4040725182351605,B
157,新增配变解决220kV潮阳变电站10KV金浦三堡法庭边公用台变配变重载,低压配电网项目,解决配变重载,45.0,12.016543815810884,66.73275000000001,0.0,-0.24495179017910676,123.50434202563179,201.2072452879962,15.50627530870212,1.7547036569104764,0.0,216.71352059669832,93.20917857106653,1.7547036569104764,C
158,新增配变220kV潮阳变电站10kV金浦三堡新村边3#公用台变解决新增负荷,低压配电网项目,新建台区满足负荷需求,50.0,9.401358298342092,79.8857,0.0,-0.2737179703415916,139.0133403280005,157.41809243735597,4.978672365635548,1.168209931649855,0.0,162.39676480299153,23.383424474991017,1.168209931649855,C
159,新增配变220kV潮阳变电站10kV金浦三堡消防队边公用台变解决新增负荷,低压配电网项目,新建台区满足负荷需求,50.0,9.401358298342092,79.8857,0.0,-0.2737179703415916,139.0133403280005,157.41809243735597,4.978672365635548,1.168209931649855,0.0,162.39676480299153,23.383424474991017,1.168209931649855,C
160,新增220kV潮阳变电站10kV金堡线10kV金浦三堡居委边2#配变满足新增负荷,低压配电网项目,新建台区满足负荷需求,40.0,9.401358298342092,53.579800000000006,0.0,-0.21618561001662193,102.76497268832547,157.41809243735597,3.9829378925084375,1.5705840823738206,0.0,161.4010303298644,58.636057641538926,1.5705840823738206,C
161,新增220kV潮阳变电站10kV金太线10kV金浦梅西崎路仔2#配变满足新增负荷,低压配电网项目,新建台区满足负荷需求,30.0,9.401358298342092,27.2739,0.0,-0.15865324969165226,66.51660504865043,157.41809243735597,2.987203419381329,2.4115075587429096,0.0,160.4052958567373,93.88869080808686,2.4115075587429096,C
162,新增220kV潮阳变电站10kV金浦线10kV金浦寨外三孔配变满足新增负荷,低压配电网项目,新建台区满足负荷需求,30.0,9.401358298342092,27.2739,0.0,-0.15865324969165226,66.51660504865043,157.41809243735597,2.987203419381329,2.4115075587429096,0.0,160.4052958567373,93.88869080808686,2.4115075587429096,C
163,新增220kV潮阳变电站10kV金浦线10kV金浦寨外居委4#配变满足新增负荷,低压配电网项目,新建台区满足负荷需求,30.0,9.401358298342092,27.2739,0.0,-0.15865324969165226,66.51660504865043,157.41809243735597,2.987203419381329,2.4115075587429096,0.0,160.4052958567373,93.88869080808686,2.4115075587429096,C
164,新增配变220kV潮阳站10kV潮浦线南门柴桥头解决配变重载及低压线路改造,低压配电网项目,新建台区满足负荷需求,40.0,9.731226351510635,53.579800000000006,0.0,-0.21618561001662193,103.09484074149401,162.94146449041065,4.83110664215644,1.6273614656745994,0.0,167.7725711325671,64.67773039107308,1.6273614656745994,C
165,新增配变220kV潮阳站10kV金堡线三堡小学边3#公用台变解决新增负荷,低压配电网项目,新建台区满足负荷需求,40.0,9.401358298342092,53.579800000000006,0.0,-0.21618561001662193,102.76497268832547,157.41809243735597,3.9829378925084375,1.5705840823738206,0.0,161.4010303298644,58.636057641538926,1.5705840823738206,C
166,新增配变220kV潮阳变电站10kV金浦三堡金浦中学前公用台变解决新增负荷,低压配电网项目,新建台区满足负荷需求,50.0,9.401358298342092,79.8857,0.0,-0.2737179703415916,139.0133403280005,157.41809243735597,4.978672365635548,1.168209931649855,0.0,162.39676480299153,23.383424474991017,1.168209931649855,C
167,新增110kV棉城站10kV金凤线金龙2#公变满足新增负荷,低压配电网项目,新建台区满足负荷需求,50.0,9.401358298342092,11.49036,0.0,-0.3068654934587046,70.58485280488338,157.41809243735597,4.978672365635548,2.300731082515712,0.0,162.39676480299153,91.81191199810814,2.300731082515712,B
168,新增配变解决110kV东洋站10kV联堤线10kV贵屿新乡堆脚公用台变重载,低压配电网项目,解决配变重载,96.602,10.074528489753455,127.76243800000002,0.0,-0.5780401202192554,233.8609263695342,168.68977936331365,23.855669745167415,0.8233331326338428,0.0,192.54544910848105,-41.31547726105316,0.8233331326338428,C
169,新增配变解决110kV东洋站10kV联堤线10kV贵屿新乡老市场公用台变重载,低压配电网项目,解决配变重载,85.38,12.912984103774411,111.45278000000002,0.0,-0.5070747338820305,209.2386893698924,216.21740824924595,34.14565382352769,1.1965428708558843,0.0,250.36306207277363,41.12437270288123,1.1965428708558843,C
170,新增配变解决110kV东洋站10kV西新线10kV贵屿山前村4#公用台变电压偏低,低压配电网项目,解决台区电压偏低问题,57.61,9.401358298342092,66.73275000000001,0.0,-0.3335766452606933,133.4105316530814,157.41809243735597,2.0511461477857336,1.4482479017262522,33.74228394961716,193.21152253475887,59.80099088167748,1.4482479017262522,C
171,新增配变解决110kV东洋站10kV西新线10kV贵屿西美村4#公用台变电压偏低,低压配电网项目,解决台区电压偏低问题,66.66,9.401358298342092,79.8857,0.0,-0.3908067955326489,155.55625150280943,157.41809243735597,5.091861546078476,1.5100026403019926,72.38039650128859,234.89035048472306,79.33409898191363,1.5100026403019926,C
172,新增配变解决110kV东洋站10kV西新线10kV贵屿西美村8#公用台变重载,低压配电网项目,解决配变重载,61.23,9.731226351510635,71.99393,0.0,-0.35646870536947556,142.59868764614117,162.94146449041065,14.509565614309622,1.2444085779040635,0.0,177.45103010472027,34.8523424585791,1.2444085779040635,C
173,新增配变解决110kV东洋站10kV西新线10kV贵屿新寨公用台变电压偏低,低压配电网项目,解决台区电压偏低问题,30.46,9.401358298342092,27.2739,0.0,-0.16188619444482674,66.97337210389726,157.41809243735597,1.5072665315861742,3.224933739784454,57.05932839605509,215.98468736499723,149.01131526109998,3.224933739784454,C
174,新增配变解决110kV仙马变电站10kV仙华线10kV贵屿华美村34#公用台变重载,低压配电网项目,解决配变重载,48.56,10.074528489753455,27.2739,0.0,-0.28909554234147355,85.61933294741199,168.68977936331365,12.019870267409118,2.1106173501925776,0.0,180.70964963072277,95.09031668331077,2.1106173501925776,C
175,新增配变解决110kV仙马变电站10kV贵华线10kV贵屿华美村37#公用台变重载,低压配电网项目,解决配变重载,39.51,10.431914576304248,40.42685,0.0,-0.21911634471678226,90.14964823158746,174.67391848695485,10.068261495300696,2.0492834260170065,0.0,184.74217998225555,94.59253175066809,2.0492834260170065,C
176,新增配变解决110kV仙马变电站10kV贵华线10kV贵屿华美村5#公用台变重载,低压配电网项目,解决配变重载,48.56,9.401358298342092,53.579800000000006,0.0,-0.2763464949887378,111.26481180335335,157.41809243735597,6.410340535195878,1.4724190902519847,0.0,163.82843297255184,52.563621169198484,1.4724190902519847,C
177,新增配变解决110kV仙马变电站10kV贵屿线10kV贵屿华美村电子市场边公用台变重载,低压配电网项目,解决配变重载,57.61,9.401358298342092,66.73275000000001,0.0,-0.3335766452606933,133.4105316530814,157.41809243735597,9.398920188402142,1.2504036267507455,0.0,166.8170126257581,33.40648097267672,1.2504036267507455,C
178,新增配变解决110kV仙马变电站10kV贵屿线10kV湄洲五路尾公用台变重载,低压配电网项目,解决配变重载,62.1396,9.401358298342092,77.67600440000001,0.0,-0.36010770798364866,148.85685499035847,157.41809243735597,12.674677181494259,1.1426599710834089,0.0,170.0927696188502,21.23591462849174,1.1426599710834089,C
179,新增配变解决110kV仙马变电站10kV凤港线10kV凤港洲仔2#公用台变重载,低压配电网项目,解决配变重载,60.61,13.390308795213347,66.73275000000001,0.0,-0.354661067564005,140.37839772764937,224.20982168729324,26.04906668332004,1.7827450122072557,0.0,250.25888837061328,109.8804906429639,1.7827450122072557,C
180,新增配变解决110kV仙马变电站10kV贵屿线10kV贵屿南安村1#公用台变重载,低压配电网项目,解决配变重载,60.61,10.804068951416541,66.73275000000001,0.0,-0.354661067564005,137.79215788385255,180.90534058185835,17.05341699501355,1.4366474886309193,0.0,197.9587575768719,60.16659969301935,1.4366474886309193,C
181,新增配变解决110kV仙马变电站10kV贵屿线10kV贵屿南安村5#公变重载,低压配电网项目,解决配变重载,65.76,9.731226351510635,106.19160000000001,0.0,-0.37173242148891966,181.3110939300217,162.94146449041065,15.204795351948414,0.9825447300600142,0.0,178.14625984235906,-3.164834087662655,0.9825447300600142,C
182,新增配变解决110kV仙马变电站10kV贵屿线10kV贵屿南安村9#公变重载,低压配电网项目,解决配变重载,62.11,9.731226351510635,93.03865,0.0,-0.35245423136292503,164.52742212014772,162.94146449041065,14.25461534510472,1.0770002808778967,0.0,177.19607983551538,12.668657715367658,1.0770002808778967,C
183,新增配变解决110kV仙马变电站10kV贵屿线10kV贵屿新厝村1#公用台变重载,低压配电网项目,解决配变重载,62.11,18.802716596684185,94.00665000000001,0.0,-0.3130123053741967,174.60635429131,314.83618487471193,11.225211971126743,1.8674085383046477,0.0,326.06139684583866,151.45504255452866,1.8674085383046477,C
184,新增配变解决110kV仙马变电站10kV贵屿线10kV贵屿新厝村2#公用台变重载,低压配电网项目,解决配变重载,75.71,10.804068951416541,93.03865,0.0,-0.4480369458046044,179.10468200561192,180.90534058185835,20.72887729447877,1.1257897650605206,0.0,201.63421787633712,22.529535870725198,1.1257897650605206,C
185,新增配变解决110kV仙马变电站10kV贵屿线10kV贵屿新厝村3#公用台变重载,低压配电网项目,解决配变重载,68.47,13.888335239406803,82.51629000000001,0.0,-0.40225282558703995,164.47237241381978,232.54886912495107,33.3357320565531,1.616591268669286,0.0,265.8846011815042,101.41222876768441,1.616591268669286,C
186,110kV仙马变电站10kV龙进线龙港电站2#公用台变更换变压器,低压配电网项目,更换残旧设备或线路,183.4792,23.168016874739877,246.45465880000003,0.0,-1.1311016096734665,451.9707740650664,387.9295848793653,189.26311624849342,1.2770575759501768,0.0,577.1927011278588,125.22192706279236,1.2770575759501768,C
187,新增配变解决110kV仙马变电站10kV凤港线10kV凤新村5#公用台变低电压,低压配电网项目,解决台区电压偏低问题,105.29,14.408103674566952,140.38926999999998,0.0,-0.6329810644803329,259.45439261008664,241.25196850437686,29.042727201604563,2.049374410607751,261.42449722890694,531.7191929348884,272.26480032480174,2.049374410607751,C
188,110kV口美站新出10kV线路调整220kV潮阳站10kV金堡线负荷,变电站10kV出线工程,解决中压线路重载,490.3258,231.78056219952055,257.62306803750005,0.0,-2.480629643111177,977.2488005939094,2819.965017572267,1142.74470072513,4.0549650364258465,0.0,3962.7097182973966,2985.460917703487,4.0549650364258465,C
189,220kV潮阳站10kV金波线延伸调整220kV潮阳站10kV金梅线负荷,变电站10kV出线工程,变电站新出线满足新增负荷供电,450.0,29.783503089147754,27.720185976562504,0.0,-2.4669283525265575,505.0367607131837,1385.2792134487327,448.0805129071991,3.630151048345406,0.0,1833.3597263559318,1328.3229656427482,3.630151048345406,C
190,220kV谷饶站新出线调整110kV关埠站10kV东潮线负荷,变电站10kV出线工程,解决中压线路重载,500.0,179.22497261175093,202.44276000000002,0.0,-3.0286620023621245,878.6390706093888,3048.6108298078566,1306.4375830085291,4.956584061070605,0.0,4355.048412816386,3476.4093422069973,4.956584061070605,C
191,110kV关埠站新出线调整10kV关井线、10kV石井线负荷,变电站10kV出线工程,变电站新出线满足新增负荷供电,550.0,104.23284565079875,111.13400390625,0.0,-3.0298426860852303,762.3370068709635,2346.121113694507,261.10386370021394,3.4200425191165245,0.0,2607.224977394721,1844.8879705237575,3.4200425191165245,D
192,新增配变满足110kV关埠站10kV关港线福仓5#公用台变新增负荷需求,低压配电网项目,新建台区满足负荷需求,35.0,9.401358298342092,19.029574389648438,0.0,-0.19739302735521919,63.23353966063531,157.41809243735597,3.485070655944883,2.544585736570235,0.0,160.90316309330086,97.66962343266556,2.544585736570235,D
193,110kV东洋站新出10kV宏东Ⅰ线满足新增负荷,变电站10kV出线工程,变电站新出线满足新增负荷供电,250.0,10.255853629927342,42.8062453734375,0.0,-1.6595703945536622,301.40252860881117,832.6105272499153,165.95574552118492,3.3130653461342865,0.0,998.5662727711002,697.163744162289,3.3130653461342865,C
194,110kV东洋站新出10kV宏东Ⅱ线满足新增负荷,变电站10kV出线工程,变电站新出线满足新增负荷供电,250.0,11.823670280092173,42.7795477734375,0.0,-1.6632949155846977,302.939923137945,967.034919674742,248.93361828177734,4.013893333573016,0.0,1215.9685379565194,913.0286148185744,4.013893333573016,C
195,110kV东洋站新出10kV线路满足东洋工业园区新增负荷,变电站10kV出线工程,变电站新出线满足新增负荷供电,450.0,23.397346427379397,58.41288,0.0,-2.944164071539373,528.86606235584,1255.8602244318752,448.0805129071991,3.2218757425062416,0.0,1703.9407373390743,1175.0746749832342,3.2218757425062416,C
196,新增配变满足110kV里美变电站10kV塘围线里美坛仔配变新增负荷需求及低压线路改造,低压配电网项目,新建台区满足负荷需求,37.5877,9.401358298342092,42.172683366113276,0.0,-0.20447877057254668,88.95726289388281,157.41809243735597,3.743339284912227,1.811672554657148,0.0,161.1614317222682,72.20416882838538,1.811672554657148,B
197,110kV里美站新出线路满足110kV沙陇站10kV新龙线新增负荷需求,变电站10kV出线工程,变电站新出线满足新增负荷供电,592.9432,67.34380976268407,25.393500000000003,0.0,-2.6073362083595093,683.0731735543246,1708.5110299201035,590.4705425643759,3.3656446505165554,0.0,2298.9815724844793,1615.9083989301548,3.3656446505165554,B
198,110kV上堡变电站新出上堡1线满足新增负荷,变电站10kV出线工程,解决中压线路过载,672.944,99.05308806140403,14.657840129882812,0.0,-3.572880939817522,783.0820472514692,3508.446651423749,866.0634723679824,5.586273033771844,0.0,4374.5101237917315,3591.4280765402623,5.586273033771844,B
199,110kV里美站新出10kV里厝II线调整110kV里美站10kV里厝线及10kV新龙线负荷,变电站10kV出线工程,解决中压线路过载,763.1295,173.8144990775057,54.1802049609375,0.0,-3.5862255927248943,987.5379784457184,3413.3125865610896,1477.0232581166463,4.9520483783060305,0.0,4890.335844677736,3902.7978662320174,4.9520483783060305,B
200,新增配变解决110kV东洋变电站10kV西新线10kV贵屿姜厝寮公用台变过载,低压配电网项目,解决配变过载,53.4243,9.731226351510635,58.926604402999885,0.0,-0.307935256635421,121.77419549787511,162.94146449041065,12.70352855822271,1.4423827012817199,0.0,175.64499304863335,53.87079755075824,1.4423827012817199,C
201,新设配变解决110kV东洋变电站10kV谷中线10kV华光村34#公用台变配变重载,低压配电网项目,解决配变过载,55.1917,12.455374461524887,56.552887611999516,0.0,-0.32148645530534453,123.87847561821906,208.5551072627423,20.824683406498938,1.8516517056293667,0.0,229.37979066924123,105.50131505102217,1.8516517056293667,B
202,新增配变解决220kV谷饶站10kV新寮线10kV石佛6#公用台变配变重载,低压配电网项目,解决配变过载,57.755,13.888335239406803,78.37166,0.0,-0.3278023248058931,149.6871929146009,232.54886912495107,28.018290872565697,1.740744514770711,0.0,260.56715999751674,110.87996708291584,1.740744514770711,B
203,10kV关埠线养殖分支等线路自动化改造,中压配电网改造项目,配电自动化项目,54.2452,0.0,1.8551046752929687,0.0,-0.3801939824516612,55.72011069284131,0.0,157.47058178924217,2.8260995865084193,0.0,157.47058178924217,101.75047109640087,2.8260995865084193,D
204,220kV潮阳站10kV金堡线自动化有效覆盖改造,中压配电网改造项目,配电自动化项目,55.4589,0.0,0.14272548294067383,0.0,-0.3896922557339355,55.21193322720674,0.0,275.8282296497849,4.995808216218468,0.0,275.8282296497849,220.61629642257813,4.995808216218468,C
205,110kV铜盂站10kV河陇线等线路自动化有效覆盖改造,中压配电网改造项目,配电自动化项目,62.7747,0.0,1.0277105712890626,0.0,-0.4406083369087616,63.361802234380306,0.0,134.20996029780525,2.1181525077419994,0.0,134.20996029780525,70.84815806342495,2.1181525077419994,C
