所属地市,所属区县,所属供电所,变电站名称,馈线名称,所属馈线GISID,配变ID,配变名称,电压等级(kV),供电分区分类,电网类型,公专变标志,额定容量(kVA),配变类型,干式/油浸式,配变型号,负荷性质,无功补偿容量(kVar),年最大负荷(kW),年最高负载率(%),最大负荷发生时刻,平均负荷(kW),平均负载率(%),售电量(kWh),供电量(kWh),线损率(%),接入用户数(户),实现一户一表用户数(户),接入用户总容量(kW),接入用户负荷性质,近一年净增接入容量(kW),已接入最大用户报装容量(kW),低压线裸导线长度(km),低压线绝缘线长度(km),低压线总长度(km),最大负荷月供电量(kWh),台区出线回路数(回),台区低压主干线主要线径,低压侧额定电流(A),低压侧额定电压(V),投运日期,是否过载,过载次数,过载累计持续时间(min),是否重载,重载次数,重载累计持续时间(min),过载/重载原因分析,预计下一年是否过载,是否轻载,低压侧最大负荷A相电流(A),低压侧最大负荷B相电流(A),低压侧最大负荷C相电流(A),三相电流不平衡度(%),是否三相不平衡,电压超限时间,首端电压最小值(V),首端电压最大值(V),末端电压最小值(V),末端电压最大值(V),是否存在台区电压偏低，且末端电压低于180V,是否存在台区电压偏低，且末端电压处于180-198V之间,是否存在台区电压偏高，且末端电压高于235V,是否存在台区电压偏高,是否存在台区电压偏低,低电压紧急程度,台区电压偏低主要原因,台区电压偏高主要原因,是否存在残旧设备或线路,是否存在安全隐患,供电半径(m),是否供电半径过大,低电压投诉次数,是否报装受限,配变供电区域报装负荷(kVA),是否需实现光纤覆盖,是否安装配变监测终端,是否需改造配变监测终端,是否存在一变多村,是否高损配变,总电表数(块),智能电表数(块),智能电表覆盖率(%),是否智能电表未全覆盖,已实现低压集抄的用户数(户),低压集抄覆盖率(%),是否低压集抄未全覆盖,主要电能表投运时间,设备状态,是否属于中心村,是否属于贫困地区,是否属于国有林场供电配变,是否属于革命老区示范区,是否已开展可研或列入投资计划项目,备注(规划),备注(生技),备注(营销),备注(调度),系统ID主键,Unnamed: 99,Unnamed: 100,Unnamed: 101,Unnamed: 102,Unnamed: 103,Unnamed: 104,Unnamed: 105,Unnamed: 106,Unnamed: 107
,,,,,,,,,,,,,,,,,,,,,,,,,,,,,,,,,,,,,,,,,,,,,,,,,,,,,,,,,,,,,,,,,,,,,,,,,,,,,,,,,,,,,,,,,,,,,,,,,,,,,,,,,,,
汕头供电局,汕头潮阳供电局,关埠供电所,110kV关埠变电站,10kV关埠线516,418007751801101.0,418007765071501.0,10kV下底二片1#公用台变,10kV,D,农网,公变,500.0,柱上变,油浸式,SBH15-M-500/10,居住,150.0,145.0,29.0,2022年07月01日,65.0,13.0,634292.03,673932.0,5.88,356.0,356.0,356.0,居住,246.0,,,,0.0,56161.0,1.0,185.0,721.71,,2010年06月24日,否,0.0,0.0,否,0.0,0.0,,否,否,236.0,148.0,132.0,44.0678,否,,227.0,237.0,197.0,207.0,否,否,否,否,否,无,,,否,否,380.0,否,1.0,否,0.0,否,是,否,否,否,356.0,356.0,100.0,否,356.0,100.0,否,,运行,否,否,否,否,否,,,,,E963C1CF2C496256E0533D14930A8E43,,,,,,,,,
汕头供电局,汕头潮阳供电局,关埠供电所,110kV关埠变电站,10kV关埠线516,418007751801101.0,418007765059601.0,下底三片2号公变,10kV,D,农网,公变,315.0,柱上变,油浸式,S11-M-315/10,居住,150.0,166.0,52.7,2022年07月01日,78.0,24.76,619758.45,638889.5,2.99,302.0,302.0,302.0,居住,30.0,,,,0.0,53240.81,2.0,240.0,454.68,,2012年02月17日,否,0.0,0.0,否,0.0,0.0,,否,否,162.75,182.7,131.1,28.243,否,,223.0,233.0,193.0,203.0,否,否,否,否,否,无,,,否,否,330.0,否,0.0,否,0.0,否,是,否,否,否,302.0,302.0,100.0,否,302.0,100.0,否,,运行,否,否,否,否,否,,,,,E963C1CF38BD6256E0533D14930A8E43,,,,,,,,,
汕头供电局,汕头潮阳供电局,关埠供电所,110kV关埠变电站,10kV关埠线516,418007751801101.0,418007764872101.0,东湖2号公变,10kV,D,农网,公变,250.0,柱上变,油浸式,S11-M-250/10,居住,150.0,165.0,66.0,2022年07月01日,47.0,18.8,526383.69,535113.6,1.63,142.0,142.0,142.0,居住,228.0,,,,0.0,44592.8,2.0,150.0,360.85,,2010年06月01日,否,0.0,0.0,否,0.0,0.0,,否,否,175.12,183.6,182.24,4.6187,否,,228.0,238.0,198.0,208.0,否,否,否,否,否,无,,,否,否,580.0,是,0.0,否,0.0,否,是,否,否,否,142.0,142.0,100.0,否,142.0,100.0,否,,运行,否,否,否,否,否,,,,,E963C1CF28336256E0533D14930A8E43,,,,,,,,,
汕头供电局,汕头潮阳供电局,关埠供电所,110kV关埠变电站,10kV关埠线516,418007751801101.0,418007765041401.0,堂后1号公变,10kV,D,农网,公变,315.0,柱上变,油浸式,SH15-M-315/10,居住,150.0,135.0,42.86,2022年07月01日,44.0,13.97,503676.0,527105.0,4.44,553.0,553.0,553.0,居住,133.0,,,,0.0,43925.42,2.0,185.0,454.68,,2014年12月13日,否,0.0,0.0,否,0.0,0.0,,否,否,106.0,143.0,227.0,53.304,否,,234.0,244.0,197.0,214.0,否,否,否,否,否,无,,,否,否,570.0,是,0.0,否,0.0,否,是,否,否,否,553.0,553.0,100.0,否,553.0,100.0,否,,运行,否,否,否,否,否,,,,,E963C1CF3F816256E0533D14930A8E43,,,,,,,,,
汕头供电局,汕头潮阳供电局,关埠供电所,110kV关埠变电站,10kV关埠线516,418007751801101.0,418007764989101.0,上底2号公变,10kV,D,农网,公变,500.0,柱上变,油浸式,S13-M-500/10,居住,150.0,280.0,56.0,2022年07月01日,97.0,19.4,839426.8,880854.0,4.7,469.0,469.0,469.0,居住,259.0,,,,0.0,73404.5,2.0,240.0,721.71,,2010年06月01日,否,0.0,0.0,否,7.0,1.0,,否,否,204.2,285.6,268.4,28.5014,否,,225.0,235.0,195.0,205.0,否,否,否,否,否,无,,,否,否,220.0,否,0.0,否,0.0,否,是,否,否,否,469.0,469.0,100.0,否,469.0,100.0,否,,运行,否,否,否,否,否,,,,,E963C1CF30926256E0533D14930A8E43,,,,,,,,,
汕头供电局,汕头潮阳供电局,关埠供电所,110kV关埠变电站,10kV关埠线516,418007751801101.0,418008338502101.0,下一片3#公用台变,10kV,D,农网,公变,100.0,柱上变,油浸式,SH15-M-100/10,居住,150.0,99.0,99.0,2022年07月01日,39.0,39.0,256531.95,264359.7,2.96,232.0,232.0,232.0,居住,154.0,,,,0.0,22029.98,2.0,240.0,144.34,,2014年04月24日,否,0.0,0.0,否,57.0,0.0,,否,否,125.01,145.17,108.09,25.5425,否,,224.0,234.0,194.0,204.0,否,否,否,否,否,无,,,否,否,270.0,否,0.0,否,0.0,否,是,否,否,否,232.0,232.0,100.0,否,232.0,100.0,否,,运行,否,否,否,否,否,,,,,E963C1CF28546256E0533D14930A8E43,,,,,,,,,
汕头供电局,汕头潮阳供电局,关埠供电所,110kV关埠变电站,10kV关埠线516,418007751801101.0,418007764961401.0,桥头4号公变,10kV,D,农网,公变,315.0,柱上变,油浸式,SBH15-M-315/10,居住,150.0,144.0,45.71,2022年07月01日,47.0,14.92,485875.6,501524.2,3.12,249.0,249.0,249.0,居住,63.0,,,,0.0,41793.72,1.0,120.0,454.68,,2014年06月30日,否,0.0,0.0,否,0.0,0.0,,否,否,131.25,108.9,129.15,17.0286,否,,226.0,236.0,196.0,206.0,否,否,否,否,否,无,,,否,否,411.0,否,0.0,否,0.0,否,是,否,否,否,249.0,249.0,100.0,否,249.0,100.0,否,,运行,否,否,否,否,否,,,,,E963C1CF2ADC6256E0533D14930A8E43,,,,,,,,,
汕头供电局,汕头潮阳供电局,关埠供电所,110kV关埠变电站,10kV关埠线516,418007751801101.0,418007765005001.0,埔上2号公变,10kV,D,农网,公变,100.0,柱上变,油浸式,S11-M-100/10,居住,150.0,92.0,92.0,2022年07月01日,32.0,32.0,272583.55,279294.9,2.4,259.0,259.0,259.0,居住,133.0,,,,0.0,23274.58,1.0,185.0,144.34,,2002年01月01日,否,0.0,0.0,是,16.0,2.0,,否,否,59.55,85.14,106.68,44.1789,否,,222.0,232.0,192.0,202.0,否,否,否,否,否,无,,,否,否,360.0,否,0.0,否,0.0,否,是,否,否,否,259.0,259.0,100.0,否,259.0,100.0,否,,运行,否,否,否,否,否,,,,,E963C1CF39036256E0533D14930A8E43,,,,,,,,,
汕头供电局,汕头潮阳供电局,关埠供电所,110kV关埠变电站,10kV关埠线516,418007751801101.0,420220471288700.0,10kV下一4#公用台变,10kV,D,农网,公变,200.0,柱上变,油浸式,S11-M-200/10,居住,150.0,154.0,77.0,2022年07月01日,54.0,27.0,0.0,0.0,0.0,99.0,99.0,99.0,居住,56.0,,,,0.0,0.0,2.0,150.0,288.68,,2016年12月27日,否,0.0,0.0,否,0.0,0.0,,否,否,179.0,151.0,172.0,15.6425,否,,224.0,234.0,194.0,204.0,否,否,否,否,否,无,,,否,否,350.0,否,0.0,否,0.0,否,是,否,否,否,99.0,99.0,100.0,否,99.0,100.0,否,,运行,否,否,否,否,否,,,,,E963C1CF2D866256E0533D14930A8E43,,,,,,,,,
汕头供电局,汕头潮阳供电局,关埠供电所,110kV关埠变电站,10kV关埠线516,418007751801101.0,420220683620200.0,10kV关埠上底3#公用台变,10kV,D,农网,公变,315.0,柱上变,油浸式,SBH15-M-315/10,居住,150.0,88.0,27.94,2022年07月01日,31.0,9.84,0.0,0.0,0.0,245.0,245.0,245.0,居住,119.0,,,,0.0,0.0,2.0,240.0,454.68,,2019年01月29日,否,0.0,0.0,否,0.0,0.0,,否,否,93.8,82.7,112.3,26.358,否,,222.0,232.0,192.0,202.0,否,否,否,否,否,无,,,否,否,200.0,否,0.0,否,0.0,否,是,否,否,否,245.0,245.0,100.0,否,245.0,100.0,否,,运行,否,否,否,否,否,,,,,E963C1CF33476256E0533D14930A8E43,,,,,,,,,
汕头供电局,汕头潮阳供电局,关埠供电所,110kV关埠变电站,10kV关埠线516,418007751801101.0,420220885107900.0,10kV堂后5#公用台变,10kV,D,农网,公变,500.0,柱上变,油浸式,SH15-M-315/10,居住,150.0,15.0,3.0,2022年07月01日,5.0,1.0,24245.73,24393.0,0.6,17.0,17.0,17.0,居住,,,,,0.0,2032.75,2.0,240.0,721.71,,2020年12月08日,否,0.0,0.0,否,0.0,0.0,,否,是,10.2,36.8,5.0,86.413,否,,223.0,233.0,193.0,203.0,否,否,否,否,否,无,,,否,否,300.0,否,0.0,否,0.0,否,是,否,否,否,17.0,17.0,100.0,否,17.0,100.0,否,,运行,否,否,否,否,否,,,,,E963C1CF2BDD6256E0533D14930A8E43,,,,,,,,,
汕头供电局,汕头潮阳供电局,关埠供电所,110kV关埠变电站,10kV关埠线516,418007751801101.0,418007765038501.0,堂后2号公变,10kV,D,农网,公变,250.0,柱上变,油浸式,S11-M-250/10,居住,150.0,142.0,56.8,2022年07月01日,55.0,22.0,418081.02,435695.8,4.04,286.0,286.0,286.0,居住,70.0,,,,0.0,36308.02,1.0,120.0,360.85,,2016年07月15日,否,0.0,0.0,否,0.0,0.0,,否,否,127.28,177.28,77.04,56.5433,否,,228.0,238.0,198.0,208.0,否,否,否,否,否,无,,,否,否,370.0,否,0.0,否,0.0,否,是,否,否,否,286.0,286.0,100.0,否,286.0,100.0,否,,运行,否,否,否,否,否,,,,,E963C1CF3BA66256E0533D14930A8E43,,,,,,,,,
汕头供电局,汕头潮阳供电局,关埠供电所,110kV关埠变电站,10kV关埠线516,418007751801101.0,418007765045901.0,堂后3号公变,10kV,D,农网,公变,315.0,柱上变,油浸式,S11-M-315/10,居住,150.0,78.0,24.76,2022年07月01日,28.0,8.89,253195.7,262717.0,3.62,72.0,72.0,72.0,居住,266.0,,,,0.0,21893.12,1.0,240.0,454.68,,2013年10月11日,否,0.0,0.0,否,0.0,0.0,,否,否,155.4,90.3,87.6,43.6293,否,,226.0,236.0,196.0,206.0,否,否,否,否,否,无,,,否,否,230.0,否,0.0,否,0.0,否,是,否,否,否,72.0,72.0,100.0,否,72.0,100.0,否,,运行,否,否,否,否,否,,,,,E963C1CF30E76256E0533D14930A8E43,,,,,,,,,
汕头供电局,汕头潮阳供电局,关埠供电所,110kV关埠变电站,10kV关埠线516,418007751801101.0,418007765072301.0,10kV关埠线下底二片3#公用台变,10kV,D,农网,公变,500.0,柱上变,油浸式,SBH15-M-500/10,居住,150.0,60.0,12.0,2022年07月01日,20.0,4.0,0.0,0.0,0.0,201.0,201.0,201.0,居住,28.0,,,,0.0,0.0,1.0,35.0,721.71,,2014年11月06日,否,0.0,0.0,否,0.0,0.0,,否,是,53.4,27.8,76.6,63.7076,否,,228.0,238.0,198.0,208.0,否,否,否,否,否,无,,,否,否,550.0,是,0.0,否,0.0,否,是,否,否,否,201.0,201.0,100.0,否,201.0,100.0,否,,运行,否,否,否,否,否,,,,,E963C1CF31C66256E0533D14930A8E43,,,,,,,,,
汕头供电局,汕头潮阳供电局,关埠供电所,110kV关埠变电站,10kV关埠线516,418007751801101.0,418008339405601.0,10kV埔上村5#公用台变,10kV,D,农网,公变,500.0,柱上变,油浸式,S13-M-500/10,居住,150.0,178.0,35.6,2022年07月01日,60.0,12.0,0.0,0.0,0.0,228.0,228.0,228.0,居住,170.0,,,,0.0,0.0,2.0,240.0,721.71,,2014年08月26日,否,0.0,0.0,否,17.0,1.0,,否,否,149.6,130.0,184.6,29.5775,否,,227.0,237.0,197.0,207.0,否,否,否,否,否,无,,,否,否,250.0,否,0.0,否,0.0,否,是,否,否,否,228.0,228.0,100.0,否,228.0,100.0,否,,运行,否,否,否,否,否,,,,,E963C1CF35366256E0533D14930A8E43,,,,,,,,,
汕头供电局,汕头潮阳供电局,关埠供电所,110kV关埠变电站,10kV关埠线516,418007751801101.0,420220700884100.0,10kV关埠下底二片5#公用台变,10kV,D,农网,公变,315.0,柱上变,油浸式,SBH15-M-315/10,居住,150.0,132.0,41.9,2022年07月01日,50.0,15.87,0.0,0.0,0.0,196.0,196.0,196.0,居住,78.0,,,,0.0,0.0,1.0,120.0,454.68,,2019年01月28日,否,0.0,0.0,否,0.0,0.0,,否,否,104.4,125.3,144.6,27.8008,否,,221.0,231.0,191.0,201.0,否,否,否,否,否,无,,,否,否,180.0,否,0.0,否,0.0,否,是,否,否,否,196.0,196.0,100.0,否,196.0,100.0,否,,运行,否,否,否,否,否,,,,,E963C1CF360E6256E0533D14930A8E43,,,,,,,,,
汕头供电局,汕头潮阳供电局,关埠供电所,110kV关埠变电站,10kV关埠线516,418007751801101.0,418007764977301.0,欧厝1#公变,10kV,D,农网,公变,315.0,柱上变,油浸式,SBH15-M-315/10,居住,150.0,103.0,32.7,2022年07月01日,31.0,9.84,325266.59,332970.0,2.31,182.0,182.0,182.0,居住,14.0,,,,0.0,27747.5,2.0,120.0,454.68,,2010年06月01日,否,0.0,0.0,否,0.0,0.0,,否,否,101.8,106.6,94.2,11.6323,否,,224.0,234.0,194.0,204.0,否,否,否,否,否,无,,,否,否,180.0,否,0.0,否,0.0,否,是,否,否,否,182.0,182.0,100.0,否,182.0,100.0,否,,运行,否,否,否,否,否,,,,,E963C1CF3A326256E0533D14930A8E43,,,,,,,,,
汕头供电局,汕头潮阳供电局,关埠供电所,110kV关埠变电站,10kV关埠线516,418007751801101.0,418007765025501.0,埔上3号公变,10kV,D,农网,公变,315.0,柱上变,油浸式,S11-100,居住,150.0,255.0,80.95,2022年07月01日,100.0,31.75,794859.27,843592.0,5.78,390.0,390.0,390.0,居住,212.0,,,,0.0,70299.37,2.0,185.0,454.68,,2014年12月13日,否,0.0,0.0,否,2.0,0.0,,否,否,227.4,150.8,274.2,45.0036,否,,225.0,235.0,195.0,205.0,否,否,否,否,否,无,,,否,否,420.0,否,0.0,否,0.0,否,是,否,否,否,390.0,390.0,100.0,否,390.0,100.0,否,,运行,否,否,否,否,否,,,,,E963C1CF39786256E0533D14930A8E43,,,,,,,,,
汕头供电局,汕头潮阳供电局,关埠供电所,110kV关埠变电站,10kV石井线522,418007751807401.0,418008316508601.0,10kV关埠玉二10#公用台变,10kV,D,农网,公变,500.0,柱上变,油浸式,S13-M-500/10,居住,150.0,275.0,55.0,2022年07月01日,90.0,18.0,908657.96,960894.0,5.44,400.0,400.0,400.0,居住,270.0,,,,0.0,80074.5,1.0,185.0,721.71,,2014年01月20日,否,0.0,0.0,否,0.0,0.0,,否,否,280.2,206.0,257.6,26.4811,否,,225.0,235.0,195.0,205.0,否,否,否,否,否,无,,,否,否,600.0,是,0.0,否,0.0,否,是,否,否,否,400.0,400.0,100.0,否,400.0,100.0,否,,运行,否,否,否,否,否,,,,,E963C1CF2AAD6256E0533D14930A8E43,,,,,,,,,
汕头供电局,汕头潮阳供电局,关埠供电所,110kV关埠变电站,10kV石井线522,418007751807401.0,418008314157001.0,10kV玉二12#公用台变,10kV,D,农网,公变,200.0,柱上变,油浸式,S11-M-200/10,居住,150.0,154.0,77.0,2022年07月01日,68.0,34.0,585243.75,616137.4,5.01,314.0,314.0,314.0,居住,93.0,,,,0.0,51344.82,1.0,240.0,288.68,,2016年07月16日,否,0.0,0.0,否,0.0,0.0,,否,否,170.52,151.74,202.5,25.0667,否,,222.0,232.0,192.0,202.0,否,否,否,否,否,无,,,否,否,410.0,否,0.0,否,0.0,否,是,否,否,否,314.0,314.0,100.0,否,314.0,100.0,否,,运行,否,否,否,否,否,,,,,E963C1CF27576256E0533D14930A8E43,,,,,,,,,
汕头供电局,汕头潮阳供电局,关埠供电所,110kV关埠变电站,10kV石井线522,418007751807401.0,418007764419101.0,丰饶公用台变,10kV,D,农网,公变,500.0,柱上变,油浸式,S13-M.RL-500/10,居住,150.0,110.0,22.0,2022年07月01日,40.0,8.0,354515.1,375708.0,5.64,156.0,156.0,156.0,居住,51.0,,,,0.0,31309.0,1.0,120.0,721.71,,2010年06月24日,否,0.0,0.0,否,0.0,0.0,,否,否,136.0,132.0,124.0,8.8235,否,,223.0,233.0,193.0,203.0,否,否,否,否,否,无,,,否,否,300.0,否,0.0,否,0.0,否,是,否,否,否,156.0,156.0,100.0,否,156.0,100.0,否,,运行,否,否,否,否,否,,,,,E963C1CF2EE16256E0533D14930A8E43,,,,,,,,,
汕头供电局,汕头潮阳供电局,关埠供电所,110kV关埠变电站,10kV石井线522,418007751807401.0,418007764503601.0,新红1#公用台变,10kV,D,农网,公变,250.0,柱上变,油浸式,S11-250/10,居住,150.0,157.0,62.8,2022年07月01日,42.0,16.8,494917.61,504180.2,1.84,266.0,266.0,266.0,居住,56.0,,,,0.0,42015.02,1.0,95.0,360.85,,2016年06月25日,否,0.0,0.0,否,0.0,0.0,,否,否,103.92,251.12,107.68,58.6174,否,,220.0,230.0,190.0,200.0,否,否,否,否,否,无,,,否,否,580.0,是,0.0,否,0.0,否,是,否,否,否,266.0,266.0,100.0,否,266.0,100.0,否,,运行,否,否,否,否,否,,,,,E963C1CF278C6256E0533D14930A8E43,,,,,,,,,
汕头供电局,汕头潮阳供电局,关埠供电所,110kV关埠变电站,10kV石井线522,418007751807401.0,418007764650101.0,玉山3#公用台变,10kV,D,农网,公变,315.0,柱上变,油浸式,SBH15-M-315/10,居住,150.0,194.0,61.59,2022年07月01日,52.0,16.51,592726.8,601355.0,1.43,291.0,291.0,291.0,居住,229.0,,,,0.0,50112.92,1.0,70.0,454.68,,2016年07月18日,否,0.0,0.0,否,36.0,1.0,,否,否,186.24,176.96,173.04,7.0876,否,,221.0,231.0,191.0,201.0,否,否,否,否,否,无,,,否,否,480.0,否,0.0,否,0.0,否,是,否,否,否,291.0,291.0,100.0,否,291.0,100.0,否,,运行,否,否,否,否,否,,,,,E963C1CF33316256E0533D14930A8E43,,,,,,,,,
汕头供电局,汕头潮阳供电局,关埠供电所,110kV关埠变电站,10kV石井线522,418007751807401.0,418007764664501.0,玉二村3#公用台变,10kV,D,农网,公变,500.0,柱上变,油浸式,SBH15-M-500/10,居住,150.0,210.0,42.0,2022年07月01日,80.0,16.0,0.0,0.0,0.0,382.0,382.0,382.0,居住,84.0,,,,0.0,0.0,1.0,240.0,721.71,,2014年01月20日,否,0.0,0.0,否,0.0,0.0,,否,否,306.6,155.4,233.55,49.3151,否,,227.0,237.0,197.0,207.0,否,否,否,否,否,无,,,否,否,350.0,否,0.0,否,0.0,否,是,否,否,否,382.0,382.0,100.0,否,382.0,100.0,否,,运行,否,否,否,否,否,,,,,E963C1CF375F6256E0533D14930A8E43,,,,,,,,,
汕头供电局,汕头潮阳供电局,关埠供电所,110kV关埠变电站,10kV石井线522,418007751807401.0,420220884794900.0,10kV集德4#公用台变,10kV,D,农网,公变,500.0,柱上变,油浸式,S13-M·RL-500/10,居住,150.0,65.0,13.0,2022年07月01日,15.0,3.0,0.0,0.0,0.0,66.0,66.0,66.0,居住,303.0,,,,0.0,0.0,2.0,240.0,721.71,,2020年12月03日,否,0.0,0.0,否,0.0,0.0,,否,是,119.0,84.6,106.6,28.9076,否,,224.0,234.0,194.0,204.0,否,否,否,否,否,无,,,否,否,250.0,否,0.0,否,0.0,否,是,否,否,否,66.0,66.0,100.0,否,66.0,100.0,否,,运行,否,否,否,否,否,,,,,E963C1CF3DFF6256E0533D14930A8E43,,,,,,,,,
汕头供电局,汕头潮阳供电局,关埠供电所,110kV关埠变电站,10kV石井线522,418007751807401.0,418007763470301.0,福仓7#公用台变,10kV,D,农网,公变,500.0,柱上变,油浸式,SB13-M-500/10,居住,150.0,160.0,32.0,2022年07月01日,45.0,9.0,310850.79,321178.0,3.22,43.0,43.0,43.0,居住,102.08,,,,0.0,26764.87,2.0,150.0,721.71,,2014年11月06日,否,0.0,0.0,否,0.0,0.0,,否,否,210.2,230.6,237.6,11.532,否,,228.0,238.0,198.0,208.0,否,否,否,否,否,无,,,否,否,450.0,否,0.0,否,0.0,否,是,否,否,否,43.0,43.0,100.0,否,43.0,100.0,否,,运行,否,否,否,否,否,,,,,E963C1CF31A16256E0533D14930A8E43,,,,,,,,,
汕头供电局,汕头潮阳供电局,关埠供电所,110kV关埠变电站,10kV石井线522,418007751807401.0,418007763446001.0,福仓2#公用台变,10kV,D,农网,公变,500.0,柱上变,油浸式,SH15-M-500/10,居住,150.0,150.0,30.0,2022年07月01日,55.0,11.0,511239.59,530189.0,3.57,271.0,271.0,271.0,居住,51.0,,,,0.0,44182.42,2.0,150.0,721.71,,2014年12月13日,否,0.0,0.0,否,0.0,0.0,,否,否,148.2,147.3,121.9,17.7463,否,,226.0,236.0,196.0,206.0,否,否,否,否,否,无,,,否,否,780.0,是,0.0,否,0.0,否,是,否,否,否,271.0,271.0,100.0,否,271.0,100.0,否,,运行,否,否,否,否,否,,,,,E963C1CF377F6256E0533D14930A8E43,,,,,,,,,
汕头供电局,汕头潮阳供电局,关埠供电所,110kV关埠变电站,10kV石井线522,418007751807401.0,418008211964201.0,玉二9#公用台变,10kV,D,农网,公变,500.0,柱上变,油浸式,S9-500/10,居住,150.0,425.0,85.0,2022年06月01日,115.0,23.0,1038041.16,1079117.0,3.81,328.0,328.0,328.0,居住,217.0,,,,0.0,89926.42,2.0,240.0,721.71,,2012年03月03日,否,0.0,0.0,否,12.0,0.0,,否,否,340.2,373.6,384.8,11.5904,否,,223.0,233.0,193.0,203.0,否,否,否,否,否,无,,,否,否,430.0,否,1.0,否,0.0,否,是,否,否,是,328.0,328.0,100.0,否,328.0,100.0,否,,运行,否,否,否,否,否,,,,,E963C1CF385B6256E0533D14930A8E43,,,,,,,,,
汕头供电局,汕头潮阳供电局,关埠供电所,110kV关埠变电站,10kV石井线522,418007751807401.0,418007764648201.0,玉山2#公用台变,10kV,D,农网,公变,200.0,柱上变,油浸式,S13-M-200/10,居住,150.0,130.0,65.0,2022年07月01日,44.0,22.0,408080.43,433632.2,5.89,300.0,300.0,300.0,居住,65.0,,,,0.0,36136.02,1.0,70.0,288.68,,2010年06月24日,否,0.0,0.0,否,0.0,0.0,,否,否,158.32,116.0,85.84,45.7807,否,,228.0,238.0,198.0,208.0,否,否,否,否,否,无,,,否,否,300.0,否,0.0,否,0.0,否,是,否,否,否,300.0,300.0,100.0,否,300.0,100.0,否,,运行,否,否,否,否,否,,,,,E963C1CF27126256E0533D14930A8E43,,,,,,,,,
汕头供电局,汕头潮阳供电局,关埠供电所,,,418008262034701.0,418008262034501.0,洋贝7#公用台变,10kV,D,,公变,315.0,柱上变,油浸式,S11-M-315/10,居住,150.0,83.0,26.35,2022年07月01日,33.0,10.48,437742.31,444934.5,1.62,178.0,178.0,178.0,居住,51.0,,,,0.0,37077.88,2.0,185.0,454.68,,2001年06月01日,否,0.0,0.0,否,0.0,0.0,,否,否,116.0,116.0,85.5,26.2931,否,,223.0,233.0,193.0,203.0,否,否,否,否,否,无,,,否,否,160.0,否,0.0,否,0.0,否,是,否,否,是,178.0,178.0,100.0,否,178.0,100.0,否,,运行,否,否,否,否,否,,,,,E963C1CF3AA16256E0533D14930A8E43,,,,,,,,,
汕头供电局,汕头潮阳供电局,关埠供电所,110kV关埠变电站,10kV沿山线515,418008328760901.0,420220272015400.0,10kV关埠港底11#公用台变,10kV,D,农网,公变,315.0,柱上变,油浸式,S13-M-315/10,居住,150.0,160.0,50.79,2022年07月01日,53.0,16.83,481820.19,495200.0,2.7,210.0,210.0,210.0,居住,42.0,,,,0.0,41266.67,2.0,240.0,454.68,,2016年01月30日,否,0.0,0.0,否,0.0,0.0,,否,否,189.0,209.4,198.9,9.7421,否,,227.0,237.0,197.0,207.0,否,否,否,否,否,无,,,否,否,318.0,否,0.0,否,0.0,否,是,否,否,否,210.0,210.0,100.0,否,210.0,100.0,否,,运行,否,否,否,否,否,,,,,E963C1CF38BE6256E0533D14930A8E43,,,,,,,,,
汕头供电局,汕头潮阳供电局,关埠供电所,110kV关埠变电站,10kV沿山线515,418008328760901.0,418007763708101.0,三联3号公变,10kV,D,农网,公变,200.0,柱上变,油浸式,SH15-M-200/10,居住,150.0,158.0,79.0,2022年07月01日,62.0,31.0,551442.07,561948.6,1.87,113.0,113.0,113.0,居住,234.0,,,,0.0,46829.05,3.0,120.0,288.68,,2014年03月28日,否,0.0,0.0,否,0.0,0.0,,否,否,189.72,203.04,133.5,34.2494,否,,224.0,234.0,194.0,204.0,否,否,否,否,否,无,,,否,否,650.0,是,0.0,否,0.0,否,是,否,否,否,113.0,113.0,100.0,否,113.0,100.0,否,,运行,否,否,否,否,否,,,,,E963C1CF3E926256E0533D14930A8E43,,,,,,,,,
汕头供电局,汕头潮阳供电局,关埠供电所,110kV关埠变电站,10kV沿山线515,418008328760901.0,418007763732501.0,洋贝村4号公变,10kV,D,农网,公变,315.0,柱上变,油浸式,SBH15-M-315/10,居住,150.0,176.0,55.87,2022年07月01日,56.0,17.78,408006.89,413746.0,1.39,95.0,95.0,95.0,居住,0.0,,,,0.0,34478.87,2.0,185.0,454.68,,2010年06月24日,否,0.0,0.0,否,0.0,0.0,,否,否,201.9,195.5,195.8,3.1699,否,,224.0,234.0,194.0,204.0,否,否,否,否,否,无,,,否,否,100.0,否,0.0,否,0.0,否,是,否,否,否,95.0,95.0,100.0,否,95.0,100.0,否,,运行,否,否,否,否,否,,,,,E963C1CF2C6C6256E0533D14930A8E43,,,,,,,,,
汕头供电局,汕头潮阳供电局,关埠供电所,110kV关埠变电站,10kV沿山线515,418008328760901.0,418007764903701.0,大湖1号公变,10kV,D,农网,公变,500.0,柱上变,油浸式,S13-M·RL-500/10,居住,150.0,200.0,40.0,2022年07月01日,30.0,6.0,277509.8,285980.0,2.96,232.0,232.0,232.0,居住,0.0,,,,0.0,23831.67,1.0,120.0,721.71,,2013年12月15日,否,0.0,0.0,否,0.0,0.0,,否,否,172.0,154.0,166.0,10.4651,否,,226.0,236.0,196.0,206.0,否,否,否,否,否,无,,,否,否,231.0,否,0.0,否,0.0,否,是,否,否,否,232.0,232.0,100.0,否,232.0,100.0,否,,运行,否,否,否,否,否,,,,,E963C1CF3D076256E0533D14930A8E43,,,,,,,,,
汕头供电局,汕头潮阳供电局,关埠供电所,110kV关埠变电站,10kV沿山线515,418008328760901.0,418008338014901.0,10kV溪西村2#公用台变,10kV,D,农网,公变,315.0,柱上变,油浸式,S13-M-315/10,居住,150.0,148.0,46.98,2022年07月01日,34.0,10.79,360882.03,359923.2,-0.27,277.0,277.0,277.0,居住,109.0,,,,0.0,29993.6,2.0,120.0,454.68,,2014年04月24日,否,0.0,0.0,否,0.0,0.0,,否,否,107.28,146.8,132.64,26.921,否,,224.0,234.0,194.0,204.0,否,否,否,否,否,无,,,否,否,200.0,否,0.0,否,0.0,否,是,否,否,否,277.0,277.0,100.0,否,277.0,100.0,否,,运行,否,否,否,否,否,,,,,E963C1CF2BBA6256E0533D14930A8E43,,,,,,,,,
汕头供电局,汕头潮阳供电局,关埠供电所,110kV关埠变电站,10kV沿山线515,418008328760901.0,418007764784201.0,田东1号公变,10kV,D,农网,公变,500.0,柱上变,油浸式,SB13-M-500/10,居住,150.0,135.0,27.0,2022年07月01日,55.0,11.0,440781.99,452960.0,2.69,350.0,350.0,350.0,居住,125.0,,,,0.0,37746.67,1.0,150.0,721.71,,2010年06月01日,否,0.0,0.0,否,0.0,0.0,,否,否,56.0,88.2,197.6,71.6599,否,,227.0,237.0,197.0,207.0,否,否,否,否,否,无,,,否,否,450.0,否,0.0,否,0.0,否,是,否,否,否,350.0,350.0,100.0,否,350.0,100.0,否,,运行,否,否,否,否,否,,,,,E963C1CF3EF56256E0533D14930A8E43,,,,,,,,,
汕头供电局,汕头潮阳供电局,关埠供电所,110kV关埠变电站,10kV沿山线515,418008328760901.0,418007763730301.0,洋贝村1号公变,10kV,D,农网,公变,400.0,柱上变,油浸式,S11-M-400/10,居住,150.0,264.0,66.0,2022年07月01日,88.0,22.0,934436.29,954476.2,2.1,601.0,601.0,601.0,居住,51.0,,,,0.0,79539.72,2.0,185.0,577.37,,2015年01月05日,否,0.0,0.0,否,0.0,0.0,,否,否,249.72,285.96,260.76,12.6731,否,,226.0,236.0,196.0,206.0,否,否,否,否,否,无,,,否,否,230.0,否,0.0,否,0.0,否,是,否,否,否,601.0,601.0,100.0,否,601.0,100.0,否,,运行,否,否,否,否,否,,,,,E963C1CF2D886256E0533D14930A8E43,,,,,,,,,
汕头供电局,汕头潮阳供电局,关埠供电所,110kV关埠变电站,10kV沿山线515,418008328760901.0,418007763722601.0,树下3号公变,10kV,D,农网,公变,100.0,柱上变,油浸式,S11-M-100/10,居住,150.0,67.0,67.0,2022年07月01日,24.0,24.0,223312.02,232545.2,3.97,303.0,303.0,303.0,居住,77.0,,,,0.0,19378.77,1.0,95.0,144.34,,2016年07月16日,否,0.0,0.0,否,0.0,0.0,,否,否,101.04,99.32,98.68,2.3357,否,,225.0,235.0,195.0,205.0,否,否,否,否,否,无,,,否,否,279.0,否,0.0,否,0.0,否,是,否,否,否,303.0,303.0,100.0,否,303.0,100.0,否,,运行,否,否,否,否,否,,,,,E963C1CF2F3D6256E0533D14930A8E43,,,,,,,,,
汕头供电局,汕头潮阳供电局,关埠供电所,110kV关埠变电站,10kV沿山线515,418008328760901.0,418007764895801.0,树下1号公变,10kV,D,农网,公变,250.0,柱上变,油浸式,S9-250,居住,150.0,187.0,74.8,2022年07月01日,52.0,20.8,556877.07,584324.0,4.7,411.0,411.0,411.0,居住,42.0,,,,0.0,48693.67,1.0,95.0,360.85,,2010年06月24日,否,0.0,0.0,否,0.0,0.0,,否,否,143.9,157.6,164.25,12.3896,否,,226.0,236.0,196.0,206.0,否,否,否,否,否,无,,,否,否,288.0,否,0.0,否,0.0,否,是,否,否,是,411.0,411.0,100.0,否,411.0,100.0,否,,运行,否,否,否,否,否,,,,,E963C1CF30EF6256E0533D14930A8E43,,,,,,,,,
汕头供电局,汕头潮阳供电局,关埠供电所,110kV关埠变电站,10kV沿山线515,418008328760901.0,418007764838101.0,港底4号公变,10kV,D,农网,公变,315.0,柱上变,油浸式,S13-M.RL-500/10,居住,150.0,245.0,77.78,2022年07月01日,126.0,40.0,1063127.55,1094980.0,2.91,414.0,414.0,414.0,居住,196.0,,,,0.0,91248.37,2.0,185.0,454.68,,2012年09月11日,否,0.0,0.0,是,0.0,0.0,,是,否,223.0,323.6,245.5,31.0878,否,,226.0,236.0,196.0,206.0,否,否,否,否,否,无,,,否,否,298.0,否,0.0,否,0.0,否,是,否,否,否,414.0,414.0,100.0,否,414.0,100.0,否,,运行,否,否,否,否,否,,,,,E963C1CF31016256E0533D14930A8E43,,,,,,,,,
汕头供电局,汕头潮阳供电局,关埠供电所,110kV关埠变电站,10kV沿山线515,418008328760901.0,420220899374500.0,汕头市潮阳区关埠镇洋贝经济联合社1#公用变压器,10kV,D,农网,公变,1000.0,配电室,干式,SCB11-1000/10,居住,150.0,160.0,16.0,2022年07月01日,40.0,4.0,0.0,0.0,0.0,327.0,327.0,327.0,居住,4378.0,,,,0.0,0.0,2.0,240.0,1443.42,,2021年01月15日,否,0.0,0.0,否,0.0,0.0,,否,是,114.4,102.0,114.0,10.8392,否,,226.0,236.0,196.0,206.0,否,否,否,否,否,无,,,否,否,300.0,否,0.0,否,0.0,否,是,否,否,否,327.0,327.0,100.0,否,327.0,100.0,否,,运行,否,否,否,否,否,,,,,E963C1CF31D96256E0533D14930A8E43,,,,,,,,,
汕头供电局,汕头潮阳供电局,关埠供电所,110kV关埠变电站,10kV沿山线515,418008328760901.0,418007764984601.0,上底1号公变,10kV,D,农网,公变,315.0,柱上变,油浸式,S11-M-315/10,居住,150.0,141.0,44.76,2022年07月01日,44.0,13.97,382465.95,401233.0,4.68,295.0,295.0,295.0,居住,175.0,,,,0.0,33436.12,1.0,120.0,454.68,,2010年06月24日,否,0.0,0.0,否,0.0,0.0,,否,否,131.5,103.7,128.7,21.1407,否,,226.0,236.0,196.0,206.0,否,否,否,否,否,无,,,否,否,330.0,否,0.0,否,0.0,否,是,否,否,否,295.0,295.0,100.0,否,295.0,100.0,否,,运行,否,否,否,否,否,,,,,E963C1CF2B436256E0533D14930A8E43,,,,,,,,,
汕头供电局,汕头潮阳供电局,关埠供电所,110kV关埠变电站,10kV沿山线515,418008328760901.0,418007764979101.0,溪西公变,10kV,D,农网,公变,200.0,柱上变,油浸式,SH15-M-200/10,居住,150.0,72.0,36.0,2022年07月01日,26.0,13.0,224245.83,230828.4,2.85,186.0,186.0,186.0,居住,23.0,,,,0.0,19235.7,1.0,150.0,288.68,,2010年06月24日,否,0.0,0.0,否,0.0,0.0,,否,否,71.44,80.88,73.04,11.6716,否,,221.0,231.0,191.0,201.0,否,否,否,否,否,无,,,否,否,540.0,是,0.0,否,0.0,否,是,否,否,否,186.0,186.0,100.0,否,186.0,100.0,否,,运行,否,否,否,否,否,,,,,E963C1CF3BE66256E0533D14930A8E43,,,,,,,,,
汕头供电局,汕头潮阳供电局,关埠供电所,110kV关埠变电站,10kV沿山线515,418008328760901.0,418008309483901.0,10kV关埠田东4#公用台变,10kV,D,农网,公变,315.0,柱上变,油浸式,SBH15-M-315/10,居住,150.0,66.0,20.95,2022年07月01日,18.0,5.71,207955.78,210752.5,1.33,143.0,143.0,143.0,居住,0.0,,,,0.0,17562.71,1.0,120.0,454.68,,2013年11月21日,否,0.0,0.0,否,0.0,0.0,,否,否,74.55,76.2,58.2,23.622,否,,228.0,238.0,198.0,208.0,否,否,否,否,否,无,,,否,否,270.0,否,0.0,否,0.0,否,是,否,否,否,143.0,143.0,100.0,否,143.0,100.0,否,,运行,否,否,否,否,否,,,,,E963C1CF37D36256E0533D14930A8E43,,,,,,,,,
汕头供电局,汕头潮阳供电局,关埠供电所,110kV关埠变电站,10kV沿山线515,418008328760901.0,418007764986101.0,欧厝2号公变,10kV,D,农网,公变,100.0,柱上变,油浸式,SH15-M-100/10,居住,150.0,40.0,40.0,2022年07月01日,15.0,15.0,196951.44,216285.5,8.94,104.0,104.0,104.0,居住,28.0,,,,0.0,18023.81,1.0,120.0,144.34,,2014年03月28日,否,0.0,0.0,否,0.0,0.0,,否,否,16.11,52.29,71.01,77.3131,否,,226.0,236.0,196.0,206.0,否,否,否,否,否,无,,,否,否,320.0,否,0.0,否,0.0,否,是,否,否,否,104.0,104.0,100.0,否,104.0,100.0,否,,运行,否,否,否,否,否,,,,,E963C1CF3E916256E0533D14930A8E43,,,,,,,,,
汕头供电局,汕头潮阳供电局,关埠供电所,110kV关埠变电站,10kV南炮台线527,420220516448100.0,418007764957201.0,井美2#公变,10kV,D,农网,公变,315.0,柱上变,油浸式,SBH15-M-315/10,居住,150.0,239.0,75.87,2022年07月01日,72.0,22.86,625200.37,660085.0,5.28,324.0,324.0,324.0,居住,84.0,,,,0.0,55007.12,1.0,185.0,454.68,,2015年05月05日,否,0.0,0.0,否,0.0,0.0,,否,否,154.0,143.0,226.0,36.7257,否,,224.0,234.0,194.0,204.0,否,否,否,否,否,无,,,否,否,500.0,否,0.0,否,0.0,否,是,否,否,否,324.0,324.0,100.0,否,324.0,100.0,否,,运行,否,否,否,否,否,,,,,E963C1CF3A676256E0533D14930A8E43,,,,,,,,,
汕头供电局,汕头潮阳供电局,关埠供电所,110kV关埠变电站,10kV南炮台线527,420220516448100.0,418008399820401.0,10kV路外村3#公用台变,10kV,D,农网,公变,315.0,柱上变,油浸式,S11-M.RL-315/10,居住,150.0,176.0,55.87,2022年07月01日,63.0,20.0,493923.21,498779.0,0.97,287.0,287.0,287.0,居住,91.0,,,,0.0,41564.92,1.0,185.0,454.68,,2015年01月05日,否,0.0,0.0,否,0.0,0.0,,否,否,221.0,211.0,144.0,34.8416,否,,226.0,236.0,196.0,206.0,否,否,否,否,否,无,,,否,否,550.0,是,0.0,否,0.0,否,是,否,否,否,287.0,287.0,100.0,否,287.0,100.0,否,,运行,否,否,否,否,否,,,,,E963C1CF3DC26256E0533D14930A8E43,,,,,,,,,
汕头供电局,汕头潮阳供电局,关埠供电所,110kV关埠变电站,10kV南炮台线527,420220516448100.0,418007765189501.0,巷口村1号公变,10kV,D,农网,公变,250.0,柱上变,油浸式,S11-250/10,居住,150.0,145.0,58.0,2022年07月01日,52.0,20.8,502145.67,534135.6,5.99,424.0,424.0,424.0,居住,147.0,,,,0.0,44511.3,1.0,120.0,360.85,,2016年07月15日,否,0.0,0.0,否,0.0,0.0,,否,否,156.0,173.6,131.2,24.424,否,,224.0,234.0,194.0,204.0,否,否,否,否,否,无,,,否,否,400.0,否,0.0,否,0.0,否,是,否,否,否,424.0,424.0,100.0,否,424.0,100.0,否,,运行,否,否,否,否,否,,,,,E963C1CF28326256E0533D14930A8E43,,,,,,,,,
汕头供电局,汕头潮阳供电局,关埠供电所,110kV关埠变电站,10kV南炮台线527,420220516448100.0,418007765140901.0,上仓2号公变,10kV,D,农网,公变,500.0,柱上变,油浸式,S13-M·RL-500/10,居住,150.0,232.0,46.4,2022年07月01日,44.0,8.8,650774.93,624118.0,-4.27,309.0,309.0,309.0,居住,70.0,,,,0.0,52009.87,2.0,150.0,721.71,,2010年06月01日,否,0.0,0.0,否,0.0,0.0,,否,否,178.0,214.0,174.0,18.6916,否,,228.0,238.0,198.0,208.0,否,否,否,否,否,无,,,否,否,500.0,否,0.0,否,0.0,否,是,否,否,否,309.0,309.0,100.0,否,309.0,100.0,否,,运行,否,否,否,否,否,,,,,E963C1CF29DB6256E0533D14930A8E43,,,,,,,,,
汕头供电局,汕头潮阳供电局,关埠供电所,110kV关埠变电站,10kV南炮台线527,420220516448100.0,420220731672500.0,10kV路外村4#公用台变,10kV,D,农网,公变,315.0,柱上变,油浸式,SBH15-M-315/10,居住,150.0,59.0,18.73,2022年07月01日,18.0,5.71,0.0,0.0,0.0,157.0,157.0,157.0,居住,42.0,,,,0.0,0.0,2.0,240.0,454.68,,2019年09月16日,否,0.0,0.0,否,0.0,0.0,,否,否,78.0,67.5,22.8,70.7692,否,,223.0,233.0,193.0,203.0,否,否,否,否,否,无,,,否,否,250.0,否,0.0,否,0.0,否,是,否,否,否,157.0,157.0,100.0,否,157.0,100.0,否,,运行,否,否,否,否,否,,,,,E963C1CF30896256E0533D14930A8E43,,,,,,,,,
汕头供电局,汕头潮阳供电局,关埠供电所,110kV关埠变电站,10kV南炮台线527,420220516448100.0,418008328713401.0,10kV庄厝2#公用台变,10kV,D,农网,公变,100.0,柱上变,油浸式,SH15-M-100/10,居住,150.0,63.0,63.0,2022年07月01日,20.0,20.0,190296.72,194085.7,1.95,115.0,115.0,115.0,居住,112.0,,,,0.0,16173.81,1.0,95.0,144.34,,2014年03月28日,否,0.0,0.0,否,0.0,0.0,,否,否,95.1,55.2,47.1,50.4732,否,,222.0,232.0,168.5,202.0,是,否,否,否,是,无,,,否,否,400.0,否,0.0,否,0.0,否,是,否,否,否,115.0,115.0,100.0,否,115.0,100.0,否,,运行,否,否,否,否,否,,,,,E963C1CF31646256E0533D14930A8E43,,,,,,,,,
汕头供电局,汕头潮阳供电局,关埠供电所,110kV关埠变电站,10kV南炮台线527,420220516448100.0,418007765111101.0,洋心村公变,10kV,D,农网,公变,200.0,柱上变,油浸式,SH15-M-200/10,居住,150.0,103.0,51.5,2022年07月01日,40.0,20.0,292667.71,288921.0,-1.3,227.0,227.0,227.0,居住,161.0,,,,0.0,24076.75,1.0,150.0,288.68,,2022年06月21日,否,2.0,0.0,否,30.0,1.0,,否,否,128.4,69.2,75.2,46.1059,否,,227.0,237.0,197.0,207.0,否,否,否,否,否,无,,,否,否,300.0,否,0.0,否,0.0,否,是,否,否,否,227.0,227.0,100.0,否,227.0,100.0,否,,运行,否,否,否,否,否,,,,,E963C1CF32326256E0533D14930A8E43,,,,,,,,,
汕头供电局,汕头潮阳供电局,关埠供电所,110kV关埠变电站,10kV南炮台线527,420220516448100.0,418008338712001.0,路内3#公用台变,10kV,D,农网,公变,500.0,柱上变,油浸式,SBH15-M-500/10,居住,150.0,230.0,46.0,2022年01月01日,100.0,20.0,1192655.15,1239960.0,3.82,260.0,260.0,260.0,居住,134.9,,,,0.0,103330.0,1.0,185.0,721.71,,2014年04月24日,否,0.0,0.0,否,0.0,0.0,,否,否,208.0,208.0,150.0,27.8846,否,,226.0,236.0,196.0,206.0,否,否,否,否,否,无,,,否,否,370.0,否,0.0,否,0.0,否,是,否,否,否,260.0,260.0,100.0,否,260.0,100.0,否,,运行,否,否,否,否,否,,,,,E963C1CF32366256E0533D14930A8E43,,,,,,,,,
汕头供电局,汕头潮阳供电局,关埠供电所,110kV关埠变电站,10kV南炮台线527,420220516448100.0,418007765180101.0,宅美2号公变,10kV,D,农网,公变,315.0,柱上变,油浸式,SBH15-M-315/10,居住,150.0,135.0,42.86,2022年07月01日,34.0,10.79,365137.03,377898.0,3.38,223.0,223.0,223.0,居住,56.0,,,,0.0,31491.5,1.0,150.0,454.68,,2012年09月11日,否,0.0,0.0,否,0.0,0.0,,否,否,183.0,93.0,49.0,73.224,否,,234.0,244.0,159.9,214.0,是,否,否,否,是,无,,,否,否,400.0,否,0.0,否,0.0,否,是,否,否,否,223.0,223.0,100.0,否,223.0,100.0,否,,运行,否,否,否,否,否,,,,,E963C1CF2B9B6256E0533D14930A8E43,,,,,,,,,
汕头供电局,汕头潮阳供电局,关埠供电所,110kV关埠变电站,10kV南炮台线527,420220516448100.0,418007765191101.0,庄厝村公变,10kV,D,农网,公变,200.0,柱上变,油浸式,S11-200/10,居住,150.0,114.0,57.0,2022年07月01日,33.0,16.5,0.0,0.0,0.0,198.0,198.0,198.0,居住,56.0,,,,0.0,0.0,1.0,120.0,288.68,,2010年06月24日,否,6.0,0.0,否,58.0,0.0,,否,否,178.53,101.85,104.67,42.9508,否,,222.0,232.0,192.0,202.0,否,否,否,否,否,无,,,否,否,231.0,否,0.0,否,0.0,否,是,否,否,否,198.0,198.0,100.0,否,198.0,100.0,否,,运行,否,否,否,否,否,,,,,E963C1CF37446256E0533D14930A8E43,,,,,,,,,
汕头供电局,汕头潮阳供电局,关埠供电所,110kV关埠变电站,10kV南炮台线527,420220516448100.0,420220281133000.0,10kV西坪8#公用台变,10kV,D,农网,公变,200.0,柱上变,油浸式,SBH15-M-200/10,居住,150.0,158.0,79.0,2022年07月01日,50.0,25.0,388616.91,400290.4,2.92,118.0,118.0,118.0,居住,28.0,,,,0.0,33357.57,2.0,240.0,288.68,,2016年07月15日,否,0.0,0.0,否,0.0,0.0,,否,否,133.98,175.68,118.98,32.2746,否,,220.0,230.0,190.0,200.0,否,否,否,否,否,无,,,否,否,180.0,否,0.0,否,0.0,否,是,否,否,否,118.0,118.0,100.0,否,118.0,100.0,否,,运行,否,否,否,否,否,,,,,E963C1CF38226256E0533D14930A8E43,,,,,,,,,
汕头供电局,汕头潮阳供电局,关埠供电所,110kV关埠变电站,10kV南炮台线527,420220516448100.0,418007765146501.0,上巷2号公用台变,10kV,D,农网,公变,315.0,柱上变,油浸式,SBH15-M-315/10,居住,150.0,138.0,43.81,2022年07月01日,44.0,13.97,383439.77,394360.0,2.77,242.0,242.0,242.0,居住,119.0,,,,0.0,32863.37,1.0,150.0,454.68,,2012年02月17日,否,0.0,0.0,否,0.0,0.0,,否,否,136.2,98.25,112.2,27.8634,否,,228.0,238.0,198.0,208.0,否,否,否,否,否,无,,,否,否,210.0,否,0.0,否,0.0,否,是,否,否,否,242.0,242.0,100.0,否,242.0,100.0,否,,运行,否,否,否,否,否,,,,,E963C1CF3DF06256E0533D14930A8E43,,,,,,,,,
汕头供电局,汕头潮阳供电局,关埠供电所,110kV关埠变电站,10kV南炮台线527,420220516448100.0,420220539456900.0,10kV巷内6#公用台变,10kV,D,农网,公变,160.0,柱上变,油浸式,S11-160/10,居住,150.0,78.0,48.75,2022年07月01日,22.0,13.75,0.0,0.0,0.0,239.0,239.0,239.0,居住,56.0,,,,0.0,0.0,1.0,240.0,230.95,,2017年09月07日,否,0.0,0.0,否,0.0,0.0,,否,否,66.9,88.32,90.9,26.4026,否,,221.0,231.0,191.0,201.0,否,否,否,否,是,无,,,否,否,300.0,否,0.0,否,0.0,否,是,否,否,否,239.0,239.0,100.0,否,239.0,100.0,否,,运行,否,否,否,否,否,,,,,E963C1CF2BBC6256E0533D14930A8E43,,,,,,,,,
汕头供电局,汕头潮阳供电局,关埠供电所,110kV关埠变电站,10kV南炮台线527,420220516448100.0,418007765168901.0,宅美1号公变,10kV,D,农网,公变,315.0,柱上变,油浸式,S9-315/10,居住,150.0,141.0,44.76,2022年07月01日,44.0,13.97,460838.64,476339.5,3.25,314.0,314.0,314.0,居住,287.0,,,,0.0,39694.96,1.0,150.0,454.68,,2010年06月24日,否,0.0,0.0,否,0.0,0.0,,否,否,159.0,136.5,115.5,27.3585,否,,223.0,233.0,193.0,203.0,否,否,否,否,否,无,,,否,否,490.0,否,0.0,否,0.0,否,是,否,否,是,314.0,314.0,100.0,否,314.0,100.0,否,,运行,否,否,否,否,否,,,,,E963C1CF34076256E0533D14930A8E43,,,,,,,,,
汕头供电局,汕头潮阳供电局,关埠供电所,110kV关埠变电站,10kV南炮台线527,420220516448100.0,418008399962601.0,10kV庄厝3#公用台变,10kV,D,农网,公变,125.0,柱上变,油浸式,S11-M-125/10,居住,150.0,66.0,52.8,2022年07月01日,21.0,16.8,0.0,0.0,0.0,70.0,70.0,70.0,居住,63.0,,,,0.0,0.0,1.0,95.0,180.43,,2013年12月10日,否,0.0,0.0,否,0.0,0.0,,否,否,84.4,39.2,68.4,53.5545,否,,224.0,234.0,194.0,204.0,否,否,否,否,否,无,,,否,否,370.0,否,0.0,否,0.0,否,是,否,否,否,70.0,70.0,100.0,否,70.0,100.0,否,,运行,否,否,否,否,否,,,,,E963C1CF37646256E0533D14930A8E43,,,,,,,,,
汕头供电局,汕头潮阳供电局,关埠供电所,110kV关埠变电站,10kV南炮台线527,420220516448100.0,418007765148501.0,上巷1号公变,10kV,D,农网,公变,125.0,柱上变,油浸式,S11-M-125/10,居住,150.0,37.0,29.6,2022年07月01日,11.0,8.8,123673.64,118677.8,-4.21,126.0,126.0,126.0,居住,49.0,,,,0.0,9889.82,1.0,150.0,180.43,,2010年06月24日,否,0.0,0.0,否,0.0,0.0,,否,否,54.56,12.68,39.16,76.7595,否,,221.0,231.0,191.0,201.0,否,否,否,否,否,无,,,否,否,225.0,否,0.0,否,0.0,否,是,否,否,否,126.0,126.0,100.0,否,126.0,100.0,否,,运行,否,否,否,否,否,,,,,E963C1CF3C5E6256E0533D14930A8E43,,,,,,,,,
汕头供电局,汕头潮阳供电局,关埠供电所,110kV关埠变电站,10kV南炮台线527,420220516448100.0,418007765087801.0,路内村2号公变,10kV,D,农网,公变,250.0,柱上变,油浸式,S11-M-250/10,居住,150.0,217.0,86.8,2022年07月01日,67.0,26.8,672774.23,692826.8,2.89,351.0,351.0,351.0,居住,28.0,,,,0.0,57735.57,2.0,150.0,360.85,,2010年06月01日,否,0.0,0.0,否,6.0,0.0,,否,否,165.2,166.08,155.76,6.2139,否,,223.0,233.0,193.0,203.0,否,否,否,否,否,无,,,否,否,520.0,是,0.0,否,0.0,否,是,否,否,否,351.0,351.0,100.0,否,351.0,100.0,否,,运行,否,否,否,否,否,,,,,E963C1CF3EEC6256E0533D14930A8E43,,,,,,,,,
汕头供电局,汕头潮阳供电局,关埠供电所,110kV关埠变电站,10kV南炮台线527,420220516448100.0,418008327017401.0,河腰村3#公用台变,10kV,D,农网,公变,315.0,柱上变,油浸式,S11-M-315/10,居住,150.0,75.0,23.81,2022年07月01日,25.0,7.94,234326.95,241700.5,3.05,267.0,267.0,267.0,居住,0.0,,,,0.0,20141.71,1.0,240.0,454.68,,2014年12月13日,否,0.0,0.0,否,0.0,0.0,,否,否,66.0,51.3,74.55,31.1871,否,,226.0,236.0,196.0,206.0,否,否,否,否,否,无,,,否,否,150.0,否,0.0,否,0.0,否,是,否,否,否,267.0,267.0,100.0,否,267.0,100.0,否,,运行,否,否,否,否,否,,,,,E963C1CF30C86256E0533D14930A8E43,,,,,,,,,
汕头供电局,汕头潮阳供电局,关埠供电所,110kV关埠变电站,10kV南炮台线527,420220516448100.0,420220775088600.0,10kV路外村7#公用台变,10kV,D,农网,公变,500.0,柱上变,油浸式,S13-M-500/10,居住,150.0,90.0,18.0,2022年07月01日,20.0,4.0,0.0,0.0,0.0,116.0,116.0,116.0,居住,14.0,,,,0.0,0.0,2.0,240.0,721.71,,2020年03月27日,否,0.0,0.0,否,0.0,0.0,,否,否,44.0,94.0,75.0,53.1915,否,,227.0,237.0,197.0,207.0,否,否,否,否,否,无,,,否,否,150.0,否,0.0,否,0.0,否,是,否,否,否,116.0,116.0,100.0,否,116.0,100.0,否,,运行,否,否,否,否,否,,,,,E963C1CF35D26256E0533D14930A8E43,,,,,,,,,
汕头供电局,汕头潮阳供电局,关埠供电所,110kV关埠变电站,10kV南炮台线527,420220516448100.0,418007765160301.0,西平2号公变,10kV,D,农网,公变,315.0,柱上变,油浸式,S9-315,居住,150.0,233.0,73.97,2022年07月01日,103.0,32.7,945069.52,995739.0,5.09,386.0,386.0,386.0,居住,126.0,,,,0.0,82978.25,1.0,185.0,454.68,,2010年06月01日,否,0.0,0.0,否,0.0,0.0,,否,否,306.7,278.4,361.2,22.9236,否,,221.0,231.0,161.4,201.0,是,否,否,否,是,无,,,否,否,290.0,否,0.0,否,0.0,否,是,否,否,否,386.0,386.0,100.0,否,386.0,100.0,否,,运行,否,否,否,否,否,,,,,E963C1CF39F66256E0533D14930A8E43,,,,,,,,,
汕头供电局,汕头潮阳供电局,关埠供电所,110kV关埠变电站,10kV南炮台线527,420220516448100.0,418007765143601.0,上仓1号公变,10kV,D,农网,公变,315.0,柱上变,油浸式,SBH15-M-315,居住,150.0,189.0,60.0,2022年07月01日,75.0,23.81,0.0,0.0,0.0,433.0,433.0,433.0,居住,107.0,,,,0.0,0.0,2.0,240.0,454.68,,2015年06月25日,否,0.0,0.0,否,0.0,0.0,,否,否,210.6,188.7,193.0,10.3989,否,,232.0,242.0,173.5,212.0,是,否,否,否,是,无,,,否,否,540.0,是,0.0,否,0.0,否,是,否,否,否,433.0,433.0,100.0,否,433.0,100.0,否,,运行,否,否,否,否,否,,,,,E963C1CF35E06256E0533D14930A8E43,,,,,,,,,
汕头供电局,汕头潮阳供电局,关埠供电所,110kV关埠变电站,10kV南炮台线527,420220516448100.0,418007765162401.0,下巷公变,10kV,D,农网,公变,315.0,柱上变,油浸式,S9-315/10,居住,150.0,220.0,69.84,2022年07月01日,91.0,28.89,786762.07,821477.0,4.23,417.0,417.0,417.0,居住,231.0,,,,0.0,68456.42,1.0,240.0,454.68,,2021年11月17日,否,0.0,0.0,否,0.0,0.0,,否,否,185.1,208.8,277.95,33.4053,否,,225.0,235.0,145.7,205.0,是,否,否,否,是,无,,,否,否,485.0,否,0.0,否,0.0,否,是,否,否,否,417.0,417.0,100.0,否,417.0,100.0,否,,运行,否,否,否,否,否,,,,,E963C1CF392E6256E0533D14930A8E43,,,,,,,,,
汕头供电局,汕头潮阳供电局,关埠供电所,110kV关埠变电站,10kV南炮台线527,420220516448100.0,418007765194001.0,巷口2号公变,10kV,D,农网,公变,315.0,柱上变,油浸式,S11-315/10,居住,150.0,144.0,45.71,2022年07月01日,59.0,18.73,644341.7,662843.0,2.79,267.0,267.0,267.0,居住,158.0,,,,0.0,55236.92,1.0,120.0,454.68,,2010年06月01日,否,0.0,0.0,否,0.0,0.0,,否,否,185.5,149.1,158.3,19.6226,否,,220.0,230.0,190.0,200.0,否,否,否,否,否,无,,,否,否,376.0,否,0.0,否,0.0,否,是,否,否,否,267.0,267.0,100.0,否,267.0,100.0,否,,运行,否,否,否,否,否,,,,,E963C1CF289A6256E0533D14930A8E43,,,,,,,,,
汕头供电局,汕头潮阳供电局,关埠供电所,110kV关埠变电站,10kV南炮台线527,420220516448100.0,420220774902600.0,10kV路外村5#公用台变,10kV,D,农网,公变,500.0,柱上变,油浸式,S13-M-500/10,居住,150.0,115.0,23.0,2022年07月01日,15.0,3.0,0.0,0.0,0.0,75.0,75.0,75.0,居住,28.0,,,,0.0,0.0,2.0,240.0,721.71,,2020年03月27日,否,0.0,0.0,否,0.0,0.0,,否,否,49.2,80.4,56.2,38.806,否,,222.0,232.0,192.0,202.0,否,否,否,否,否,无,,,否,否,150.0,否,0.0,否,0.0,否,是,否,否,否,75.0,75.0,100.0,否,75.0,100.0,否,,运行,否,否,否,否,否,,,,,E963C1CF3AEB6256E0533D14930A8E43,,,,,,,,,
汕头供电局,汕头潮阳供电局,关埠供电所,110kV关埠变电站,10kV南炮台线527,420220516448100.0,418007765185001.0,河腰2号公变,10kV,D,农网,公变,315.0,柱上变,油浸式,SBH15-M-315/10,居住,150.0,119.0,37.78,2022年07月01日,25.0,7.94,268234.22,276172.5,2.87,157.0,157.0,157.0,居住,42.0,,,,0.0,23014.38,2.0,185.0,454.68,,2014年12月18日,否,0.0,0.0,否,0.0,0.0,,否,否,157.8,59.4,83.7,62.3574,否,,224.0,234.0,194.0,204.0,否,否,否,否,否,无,,,否,否,422.0,否,0.0,否,0.0,否,是,否,否,否,157.0,157.0,100.0,否,157.0,100.0,否,,运行,否,否,否,否,否,,,,,E963C1CF35286256E0533D14930A8E43,,,,,,,,,
汕头供电局,汕头潮阳供电局,关埠供电所,110kV关埠变电站,10kV南炮台线527,420220516448100.0,418008339352101.0,10kV洋心3#公用台变,10kV,D,农网,公变,100.0,柱上变,油浸式,SH15-M-100/10,居住,150.0,65.0,65.0,2022年07月01日,17.0,17.0,196643.47,202725.7,3.0,58.0,58.0,58.0,居住,0.0,,,,0.0,16893.81,1.0,150.0,144.34,,2014年04月24日,否,0.0,0.0,否,0.0,0.0,,否,否,95.82,80.55,91.65,15.9361,否,,232.0,242.0,182.8,212.0,否,是,否,否,是,无,,,否,否,200.0,否,0.0,否,0.0,否,是,否,否,否,58.0,58.0,100.0,否,58.0,100.0,否,,运行,否,否,否,否,否,,,,,E963C1CF3A2F6256E0533D14930A8E43,,,,,,,,,
汕头供电局,汕头潮阳供电局,关埠供电所,110kV关埠变电站,10kV南炮台线527,420220516448100.0,420480059520300.0,10kV路内5#公用台变,10kV,D,农网,公变,500.0,柱上变,油浸式,S13-M.RL-500/10,居住,150.0,99.94,19.99,2022年07月01日,14.92,2.98,0.0,0.0,0.0,405.0,405.0,405.0,居住,,,,,0.0,0.0,2.0,240.0,721.71,,2022年01月30日,否,,,否,,,,否,否,183.4,198.8,154.6,22.2334,否,,221.0,231.0,191.0,201.0,否,否,否,否,否,无,,,否,否,160.0,否,0.0,否,0.0,否,是,否,否,否,405.0,405.0,100.0,否,405.0,100.0,否,,运行,否,否,否,否,否,,,,,E963C1CF34686256E0533D14930A8E43,,,,,,,,,
汕头供电局,汕头潮阳供电局,关埠供电所,110kV关埠变电站,10kV南炮台线527,420220516448100.0,418007765139801.0,上仓村3号公变,10kV,D,农网,公变,200.0,柱上变,油浸式,SH15-M-200,居住,150.0,162.0,81.0,2022年07月01日,52.0,26.0,0.0,0.0,0.0,276.0,276.0,276.0,居住,72.0,,,,0.0,0.0,1.0,95.0,288.68,,2014年12月13日,否,0.0,0.0,否,1.0,0.0,,否,否,114.6,134.4,128.4,14.7321,否,,220.0,230.0,190.0,200.0,否,否,否,否,否,无,,,否,否,490.0,否,0.0,否,0.0,否,是,否,否,否,276.0,276.0,100.0,否,276.0,100.0,否,,运行,否,否,否,否,否,,,,,E963C1CF396D6256E0533D14930A8E43,,,,,,,,,
汕头供电局,汕头潮阳供电局,关埠供电所,110kV关埠变电站,10kV南炮台线527,420220516448100.0,420220571739900.0,10kV路内4#公用台变,10kV,D,农网,公变,315.0,柱上变,油浸式,S11-M.R-315/10,居住,150.0,144.0,45.71,2022年07月01日,56.0,17.78,508741.88,521228.0,2.4,356.0,356.0,356.0,居住,108.0,,,,0.0,43435.67,1.0,185.0,454.68,,2018年03月28日,否,0.0,0.0,否,0.0,0.0,,否,否,222.75,208.65,140.4,36.9697,否,,227.0,237.0,176.6,207.0,是,否,否,否,是,无,,,否,否,300.0,否,0.0,否,0.0,否,是,否,否,否,356.0,356.0,100.0,否,356.0,100.0,否,,运行,否,否,否,否,否,,,,,E963C1CF3BE76256E0533D14930A8E43,,,,,,,,,
汕头供电局,汕头潮阳供电局,关埠供电所,110kV关埠变电站,10kV南炮台线527,420220516448100.0,420220775097100.0,10kV路外村6#公用台变,10kV,D,农网,公变,500.0,柱上变,油浸式,S13-M-500/10,居住,150.0,155.0,31.0,2022年07月01日,60.0,12.0,0.0,0.0,0.0,293.0,293.0,293.0,居住,175.0,,,,0.0,0.0,2.0,240.0,721.71,,2020年03月27日,否,0.0,0.0,否,0.0,0.0,,否,否,264.2,185.4,194.8,29.8259,否,,226.0,236.0,196.0,206.0,否,否,否,否,否,无,,,否,否,180.0,否,0.0,否,0.0,否,是,否,否,否,293.0,293.0,100.0,否,293.0,100.0,否,,运行,否,否,否,否,否,,,,,E963C1CF3D986256E0533D14930A8E43,,,,,,,,,
汕头供电局,汕头潮阳供电局,关埠供电所,110kV关埠变电站,10kV南炮台线527,420220516448100.0,420220339880800.0,10kV巷内5#公用台变,10kV,D,农网,公变,200.0,柱上变,油浸式,SH15-M-200/10,居住,150.0,88.0,44.0,2022年07月01日,36.0,18.0,0.0,0.0,0.0,67.0,67.0,67.0,居住,70.0,,,,0.0,0.0,1.0,240.0,288.68,,2016年07月30日,否,0.0,0.0,否,0.0,0.0,,否,否,102.24,90.24,93.96,11.7371,否,,221.0,231.0,191.0,201.0,否,否,否,否,否,无,,,否,否,250.0,否,0.0,否,0.0,否,是,否,否,否,67.0,67.0,100.0,否,67.0,100.0,否,,运行,否,否,否,否,否,,,,,E963C1CF3CC86256E0533D14930A8E43,,,,,,,,,
汕头供电局,汕头潮阳供电局,关埠供电所,110kV关埠变电站,10kV南炮台线527,420220516448100.0,418008338700801.0,10kV巷内4#公用台变,10kV,D,农网,公变,315.0,柱上变,油浸式,S11-315/10,居住,150.0,173.0,54.92,2022年07月01日,56.0,17.78,556602.24,683179.0,18.53,228.0,228.0,228.0,居住,210.0,,,,0.0,56931.62,1.0,150.0,454.68,,2014年04月24日,否,0.0,0.0,否,0.0,0.0,,否,否,164.0,180.0,152.0,15.5556,否,,235.0,245.0,176.3,215.0,是,否,否,否,是,无,,,否,否,400.0,否,0.0,否,0.0,否,是,否,否,否,228.0,228.0,100.0,否,228.0,100.0,否,,运行,否,否,否,否,否,,,,,E963C1CF3F546256E0533D14930A8E43,,,,,,,,,
汕头供电局,汕头潮阳供电局,关埠供电所,110kV关埠变电站,10kV南炮台线527,420220516448100.0,418007765159001.0,西平5号公变,10kV,D,农网,公变,100.0,柱上变,油浸式,S11-100/10,居住,150.0,92.0,92.0,2022年07月01日,43.0,43.0,259704.93,268399.7,3.24,211.0,211.0,211.0,居住,28.0,,,,0.0,22366.66,1.0,185.0,144.34,,2010年09月01日,否,0.0,0.0,否,18.0,0.0,,否,否,143.7,122.4,102.3,28.81,否,,227.0,237.0,197.0,207.0,否,否,否,否,否,无,,,否,否,234.0,否,0.0,否,0.0,否,是,否,否,否,211.0,211.0,100.0,否,211.0,100.0,否,,运行,否,否,否,否,否,,,,,E963C1CF320E6256E0533D14930A8E43,,,,,,,,,
汕头供电局,汕头潮阳供电局,关埠供电所,110kV关埠变电站,10kV关井线512,420220608036100.0,418008225277201.0,汕头市潮阳区关埠镇桥东社区居民委员会1#公用台变,10kV,D,农网,公变,1000.0,柱上变,油浸式,S11-M-500/10,居住,150.0,255.0,25.5,2022年07月01日,100.0,10.0,0.0,0.0,0.0,0.0,0.0,0.0,居住,441.0,,,,0.0,0.0,2.0,240.0,1443.42,,2013年03月18日,否,0.0,0.0,否,0.0,0.0,,否,是,315.0,261.0,295.2,17.1429,否,,220.0,230.0,190.0,200.0,否,否,否,否,否,无,,,否,否,250.0,否,0.0,否,0.0,否,是,否,否,否,0.0,0.0,100.0,否,0.0,100.0,否,,运行,否,否,否,否,否,,,,,E963C1CF38C36256E0533D14930A8E43,,,,,,,,,
汕头供电局,汕头潮阳供电局,关埠供电所,110kV关埠变电站,10kV关井线512,420220608036100.0,418008329586401.0,10kV玉一村15#公用台变,10kV,D,农网,公变,315.0,柱上变,油浸式,S11-315,居住,150.0,270.0,85.71,2022年07月01日,94.0,29.84,818556.62,851997.0,3.92,426.0,426.0,426.0,居住,178.0,,,,0.0,70999.75,2.0,185.0,454.68,,2015年12月27日,否,0.0,0.0,是,4.0,0.0,,否,否,276.8,140.5,226.2,49.2413,否,,223.0,233.0,193.0,203.0,否,否,否,否,否,无,,,否,否,220.0,否,0.0,否,0.0,否,是,否,否,否,426.0,426.0,100.0,否,426.0,100.0,否,,运行,否,否,否,否,否,,,,,E963C1CF2C586256E0533D14930A8E43,,,,,,,,,
汕头供电局,汕头潮阳供电局,关埠供电所,110kV关埠变电站,10kV关井线512,420220608036100.0,418007764387001.0,玉一5#公用台变,10kV,D,农网,公变,400.0,柱上变,油浸式,S11-M-400/10,居住,150.0,372.0,93.0,2022年07月01日,136.0,34.0,1164739.28,1229420.6,5.26,697.0,697.0,697.0,居住,147.0,,,,0.0,102451.72,2.0,240.0,577.37,,2011年08月13日,否,0.0,0.0,是,20.0,2.0,,是,否,294.24,323.52,359.04,18.0481,否,,223.0,233.0,193.0,203.0,否,否,是,否,否,无,,,否,否,450.0,否,0.0,否,0.0,否,是,否,否,否,697.0,697.0,100.0,否,697.0,100.0,否,,运行,否,否,否,否,否,,,,,E963C1CF2ED26256E0533D14930A8E43,,,,,,,,,
汕头供电局,汕头潮阳供电局,关埠供电所,110kV关埠变电站,10kV关井线512,420220608036100.0,418007764370901.0,玉一6#公用台变,10kV,D,农网,公变,500.0,柱上变,油浸式,SBH15-M-500/10,居住,150.0,240.0,48.0,2022年07月01日,70.0,14.0,708883.04,726028.0,2.36,275.0,275.0,275.0,居住,395.0,,,,0.0,60502.37,2.0,150.0,721.71,,2012年02月18日,否,0.0,0.0,否,0.0,0.0,,否,否,308.7,214.05,197.25,36.103,否,,226.0,236.0,196.0,206.0,否,否,否,否,否,无,,,否,否,700.0,是,0.0,否,0.0,否,是,否,否,否,275.0,275.0,100.0,否,275.0,100.0,否,,运行,否,否,否,否,否,,,,,E963C1CF30996256E0533D14930A8E43,,,,,,,,,
汕头供电局,汕头潮阳供电局,关埠供电所,110kV关埠变电站,10kV关井线512,420220608036100.0,418007764392901.0,玉一8#公用台变,10kV,D,农网,公变,500.0,柱上变,油浸式,SB13-M-500/10,居住,150.0,180.0,36.0,2022年07月01日,50.0,10.0,438893.08,450034.0,2.48,139.0,139.0,139.0,居住,224.0,,,,0.0,37502.87,2.0,240.0,721.71,,2010年06月24日,否,0.0,0.0,否,0.0,0.0,,否,否,183.2,150.2,103.4,43.559,否,,224.0,234.0,194.0,204.0,否,否,否,否,否,无,,,否,否,315.0,否,0.0,否,0.0,否,是,否,否,否,139.0,139.0,100.0,否,139.0,100.0,否,,运行,否,否,否,否,否,,,,,E963C1CF3DEE6256E0533D14930A8E43,,,,,,,,,
汕头供电局,汕头潮阳供电局,关埠供电所,110kV关埠变电站,10kV关井线512,420220608036100.0,420220666233900.0,10kV关埠玉一21#公用台变,10kV,D,农网,公变,315.0,柱上变,油浸式,SBH15-M-315/10,居住,150.0,239.0,75.87,2022年07月01日,85.0,26.98,575182.99,602078.0,4.47,161.0,161.0,161.0,居住,217.0,,,,0.0,50173.17,2.0,120.0,454.68,,2019年01月22日,否,0.0,0.0,否,0.0,0.0,,否,否,254.5,176.7,112.8,55.6778,否,,225.0,235.0,195.0,205.0,否,否,否,否,否,无,,,否,否,250.0,否,0.0,否,0.0,否,是,否,否,否,161.0,161.0,100.0,否,161.0,100.0,否,,运行,否,否,否,否,否,,,,,E963C1CF34D46256E0533D14930A8E43,,,,,,,,,
汕头供电局,汕头潮阳供电局,关埠供电所,110kV关埠变电站,10kV关井线512,420220608036100.0,418007764670301.0,玉二村1#公用台变,10kV,D,农网,公变,400.0,柱上变,油浸式,SH15-M-400/10,居住,150.0,208.0,52.0,2022年07月01日,84.0,21.0,676159.57,713574.6,5.24,370.0,370.0,370.0,居住,107.0,,,,0.0,59464.55,2.0,240.0,577.37,,2014年12月13日,否,0.0,0.0,否,0.0,0.0,,否,否,240.48,140.16,262.8,46.6667,否,,224.0,234.0,194.0,204.0,否,否,否,否,否,无,,,否,否,300.0,否,0.0,否,0.0,否,是,否,否,否,370.0,370.0,100.0,否,370.0,100.0,否,,运行,否,否,否,否,否,,,,,E963C1CF35B06256E0533D14930A8E43,,,,,,,,,
汕头供电局,汕头潮阳供电局,关埠供电所,110kV关埠变电站,10kV关井线512,420220608036100.0,420220817850500.0,10kV玉一23#公用台变,10kV,D,农网,公变,500.0,柱上变,油浸式,SB13-M-500/10,居住,150.0,140.0,28.0,2022年07月01日,60.0,12.0,0.0,0.0,0.0,126.0,126.0,126.0,居住,557.0,,,,0.0,0.0,2.0,240.0,721.71,,2020年07月10日,否,0.0,0.0,否,0.0,0.0,,否,否,189.8,178.4,225.8,20.992,否,,227.0,237.0,197.0,207.0,否,否,否,否,否,无,,,否,否,350.0,否,0.0,否,0.0,否,是,否,否,否,126.0,126.0,100.0,否,126.0,100.0,否,,运行,否,否,否,否,否,,,,,E963C1CF31A56256E0533D14930A8E43,,,,,,,,,
汕头供电局,汕头潮阳供电局,关埠供电所,110kV关埠变电站,10kV关井线512,420220608036100.0,420220818649700.0,10kV玉一22#公用台变,10kV,D,农网,公变,200.0,柱上变,油浸式,S11-M-200/10,居住,150.0,40.0,20.0,2022年07月01日,14.0,7.0,0.0,0.0,0.0,51.0,51.0,51.0,居住,42.0,,,,0.0,0.0,2.0,240.0,288.68,,2020年07月10日,否,0.0,0.0,否,0.0,0.0,,否,否,54.56,90.72,52.56,42.0635,否,,227.0,237.0,197.0,207.0,否,否,否,否,否,无,,,否,否,650.0,是,0.0,否,0.0,否,是,否,否,否,51.0,51.0,100.0,否,51.0,100.0,否,,运行,否,否,否,否,否,,,,,E963C1CF35CF6256E0533D14930A8E43,,,,,,,,,
汕头供电局,汕头潮阳供电局,关埠供电所,110kV关埠变电站,10kV关井线512,420220608036100.0,418008330073001.0,10kV玉一村13#公用台变,10kV,D,农网,公变,315.0,柱上变,油浸式,S11-M-315/10,居住,150.0,122.0,38.73,2022年07月01日,50.0,15.87,261452.02,262337.4,0.34,165.0,165.0,165.0,居住,56.0,,,,0.0,21861.45,2.0,185.0,454.68,,2014年03月28日,是,31.0,0.0,否,444.0,16.0,,否,否,153.36,148.56,182.01,18.3781,否,,227.0,237.0,197.0,207.0,否,否,否,否,否,无,,,否,否,300.0,否,0.0,否,0.0,否,是,否,否,否,165.0,165.0,100.0,否,165.0,100.0,否,,运行,否,否,否,否,否,,,,,E963C1CF2CCD6256E0533D14930A8E43,,,,,,,,,
汕头供电局,汕头潮阳供电局,关埠供电所,110kV关埠变电站,10kV关井线512,420220608036100.0,418007764396401.0,玉一4#公用台变,10kV,D,农网,公变,500.0,柱上变,油浸式,S13-M-500/10,居住,150.0,215.0,43.0,2022年07月01日,90.0,18.0,782431.34,805092.0,2.81,566.0,566.0,566.0,居住,112.0,,,,0.0,67091.0,2.0,240.0,721.71,,2010年06月24日,否,0.0,0.0,否,0.0,0.0,,否,否,255.0,172.6,220.6,32.3137,否,,222.0,232.0,192.0,202.0,否,否,否,否,否,无,,,否,否,430.0,否,0.0,否,0.0,否,是,否,否,否,566.0,566.0,100.0,否,566.0,100.0,否,,运行,否,否,否,否,否,,,,,E963C1CF34376256E0533D14930A8E43,,,,,,,,,
汕头供电局,汕头潮阳供电局,关埠供电所,110kV关埠变电站,10kV关井线512,420220608036100.0,418008329917801.0,10kV玉一村14#公用台变,10kV,D,农网,公变,500.0,柱上变,油浸式,SBH15-M-500/10,居住,150.0,200.0,40.0,2022年07月01日,95.0,19.0,824779.1,843766.0,2.25,414.0,414.0,414.0,居住,56.0,,,,0.0,70313.87,1.0,240.0,721.71,,2014年03月28日,否,0.0,0.0,否,0.0,0.0,,否,否,171.8,175.6,203.0,15.3695,否,,222.0,232.0,192.0,202.0,否,否,否,否,否,无,,,否,否,320.0,否,0.0,否,0.0,否,是,否,否,否,414.0,414.0,100.0,否,414.0,100.0,否,,运行,否,否,否,否,否,,,,,E963C1CF36BD6256E0533D14930A8E43,,,,,,,,,
汕头供电局,汕头潮阳供电局,关埠供电所,110kV关埠变电站,10kV关井线512,420220608036100.0,418007764379901.0,玉一7#公用台变,10kV,D,农网,公变,250.0,柱上变,油浸式,S9-250/10,居住,150.0,130.0,52.0,2022年07月01日,35.0,14.0,213821.8,225109.2,5.01,65.0,65.0,65.0,居住,28.0,,,,0.0,18759.1,2.0,185.0,360.85,,2012年02月18日,否,0.0,0.0,否,0.0,0.0,,否,否,172.08,66.8,95.04,61.1808,否,,228.0,238.0,198.0,208.0,否,否,否,否,否,无,,,否,否,260.0,否,0.0,否,0.0,否,是,否,否,是,65.0,65.0,100.0,否,65.0,100.0,否,,运行,否,否,否,否,否,,,,,E963C1CF3E526256E0533D14930A8E43,,,,,,,,,
汕头供电局,汕头潮阳供电局,关埠供电所,110kV关埠变电站,10kV关井线512,420220608036100.0,420220666224100.0,10kV关埠玉一20#公用台变,10kV,D,农网,公变,315.0,柱上变,油浸式,SBH15-M-315/10,居住,150.0,198.0,62.86,2022年07月01日,81.0,25.71,723008.31,773280.0,6.5,515.0,515.0,515.0,居住,120.0,,,,0.0,64440.0,1.0,240.0,454.68,,2019年01月22日,否,0.0,0.0,否,0.0,0.0,,否,否,161.4,114.1,270.8,57.8656,否,,229.0,239.0,195.0,209.0,否,否,否,否,否,无,,,否,否,300.0,否,0.0,否,0.0,否,是,否,否,否,515.0,515.0,100.0,否,515.0,100.0,否,,运行,否,否,否,否,否,,,,,E963C1CF27EA6256E0533D14930A8E43,,,,,,,,,
汕头供电局,汕头潮阳供电局,关埠供电所,110kV关埠变电站,10kV关井线512,420220608036100.0,420220499928500.0,10kV桥东御贤小区公用台变,10kV,D,农网,公变,315.0,柱上变,油浸式,S11-M-315/10,居住,150.0,110.0,34.92,2022年07月01日,28.0,8.89,0.0,0.0,0.0,98.0,98.0,98.0,居住,0.0,,,,0.0,0.0,2.0,240.0,454.68,,2017年04月05日,否,0.0,0.0,否,0.0,0.0,,否,否,97.9,97.7,114.9,14.9695,否,,222.0,232.0,192.0,202.0,否,否,否,否,否,无,,,否,否,300.0,否,0.0,否,0.0,否,是,否,否,否,98.0,98.0,100.0,否,98.0,100.0,否,,运行,否,否,否,否,否,,,,,E963C1CF38A76256E0533D14930A8E43,,,,,,,,,
汕头供电局,汕头潮阳供电局,关埠供电所,110kV关埠变电站,10kV关井线512,420220608036100.0,420220818447100.0,10kV桥东6#公用台变,10kV,D,农网,公变,500.0,柱上变,油浸式,SB13-M-500/10,居住,150.0,105.0,21.0,2022年07月01日,30.0,6.0,0.0,0.0,0.0,231.0,231.0,231.0,居住,0.0,,,,0.0,0.0,2.0,240.0,721.71,,2020年07月10日,否,0.0,0.0,否,0.0,0.0,,否,否,228.6,147.2,149.4,35.608,否,,222.0,232.0,192.0,202.0,否,否,否,否,否,无,,,否,否,360.0,否,0.0,否,0.0,否,是,否,否,否,231.0,231.0,100.0,否,231.0,100.0,否,,运行,否,否,否,否,否,,,,,E963C1CF31346256E0533D14930A8E43,,,,,,,,,
汕头供电局,汕头潮阳供电局,关埠供电所,110kV关埠变电站,10kV关井线512,420220608036100.0,420220540438500.0,10kV玉一村19#公用台变,10kV,D,农网,公变,315.0,柱上变,油浸式,S11-315/10,居住,150.0,258.0,81.9,2022年07月01日,97.0,30.79,0.0,0.0,0.0,178.0,178.0,178.0,居住,259.0,,,,0.0,0.0,2.0,240.0,454.68,,2017年10月19日,否,0.0,0.0,否,10.0,0.0,,否,否,214.4,203.1,232.6,12.6827,否,,223.0,233.0,193.0,203.0,否,否,否,否,否,无,,,否,否,340.0,否,0.0,否,0.0,否,是,否,否,否,178.0,178.0,100.0,否,178.0,100.0,否,,运行,否,否,否,否,否,,,,,E963C1CF35666256E0533D14930A8E43,,,,,,,,,
汕头供电局,汕头潮阳供电局,关埠供电所,110kV关埠变电站,10kV关港线510,420480111028100.0,418007763537801.0,桥东1#公用台变,10kV,D,农网,公变,315.0,柱上变,油浸式,SBH15-M-315/10,居住,150.0,233.0,73.97,2022年07月01日,85.0,26.98,716531.2,749197.0,4.36,578.0,578.0,578.0,居住,80.0,,,,0.0,62433.12,2.0,120.0,454.68,,2010年06月24日,否,0.0,0.0,否,0.0,0.0,,否,否,199.5,261.6,293.9,32.1198,否,,223.0,233.0,193.0,203.0,否,否,否,否,否,无,,,否,否,350.0,否,0.0,否,0.0,否,是,否,否,否,578.0,578.0,100.0,否,578.0,100.0,否,,运行,否,否,否,否,否,,,,,E963C1CF34B86256E0533D14930A8E43,,,,,,,,,
汕头供电局,汕头潮阳供电局,关埠供电所,110kV关埠变电站,10kV关港线510,420480111028100.0,418007779014101.0,福仓6#公变,10kV,D,农网,公变,315.0,柱上变,油浸式,S11-315/10,居住,150.0,119.0,37.78,2022年04月01日,34.0,10.79,404152.36,411565.0,1.8,58.0,58.0,58.0,居住,14.0,,,,0.0,34297.12,1.0,240.0,454.68,,2012年01月13日,否,0.0,0.0,否,0.0,0.0,,否,否,205.1,153.7,169.8,25.0609,否,,227.0,237.0,197.0,207.0,否,否,否,否,否,无,,,否,否,350.0,否,0.0,否,0.0,否,是,否,否,否,58.0,58.0,100.0,否,58.0,100.0,否,,运行,否,否,否,否,否,,,,,E963C1CF359F6256E0533D14930A8E43,,,,,,,,,
汕头供电局,汕头潮阳供电局,关埠供电所,110kV关埠变电站,10kV关港线510,420480111028100.0,418007763681901.0,居委2号公变,10kV,D,农网,公变,500.0,柱上变,油浸式,SBH15-M-500/10,居住,150.0,340.0,68.0,2022年07月01日,165.0,33.0,1679026.24,1731557.0,3.03,345.0,345.0,345.0,居住,221.0,,,,0.0,144296.42,2.0,240.0,721.71,,2012年02月17日,否,0.0,0.0,否,0.0,0.0,,否,否,394.8,327.8,306.0,22.4924,否,,221.0,231.0,191.0,201.0,否,否,否,否,否,无,,,否,否,760.0,是,0.0,否,0.0,否,是,否,否,否,345.0,345.0,100.0,否,345.0,100.0,否,,运行,否,否,否,否,否,,,,,E963C1CF39BB6256E0533D14930A8E43,,,,,,,,,
汕头供电局,汕头潮阳供电局,关埠供电所,110kV关埠变电站,10kV关港线510,420480111028100.0,418007763666401.0,10kV居委4#公用台变,10kV,D,农网,公变,500.0,柱上变,油浸式,S13-M·RL-500/10,居住,150.0,140.0,28.0,2022年07月01日,55.0,11.0,549551.12,566642.0,3.02,111.0,111.0,111.0,居住,14.0,,,,0.0,47220.17,2.0,240.0,721.71,,2014年07月17日,否,0.0,0.0,否,0.0,0.0,,否,否,231.6,107.8,145.2,53.4542,否,,227.0,237.0,197.0,207.0,否,否,否,否,否,无,,,否,否,180.0,否,0.0,否,0.0,否,是,否,否,否,111.0,111.0,100.0,否,111.0,100.0,否,,运行,否,否,否,否,否,,,,,E963C1CF37596256E0533D14930A8E43,,,,,,,,,
汕头供电局,汕头潮阳供电局,关埠供电所,110kV关埠变电站,10kV关港线510,420480111028100.0,418007763689901.0,港底3号公变,10kV,D,农网,公变,315.0,柱上变,油浸式,SBH15-M-315/10,居住,150.0,154.0,48.89,2022年07月01日,66.0,20.95,699541.39,731075.0,4.31,199.0,199.0,199.0,居住,0.0,,,,0.0,60922.92,2.0,150.0,454.68,,2010年06月24日,否,0.0,0.0,否,0.0,0.0,,否,否,253.05,162.15,124.65,50.741,否,,226.0,236.0,196.0,206.0,否,否,否,否,否,无,,,否,否,215.0,否,0.0,否,0.0,否,是,否,否,否,199.0,199.0,100.0,否,199.0,100.0,否,,运行,否,否,否,否,否,,,,,E963C1CF3FCC6256E0533D14930A8E43,,,,,,,,,
汕头供电局,汕头潮阳供电局,关埠供电所,110kV关埠变电站,10kV关港线510,420480111028100.0,418007763556501.0,福仓市场3#公用台变,10kV,D,农网,公变,315.0,柱上变,油浸式,S13-M-315/10,居住,150.0,138.0,43.81,2022年07月01日,72.0,22.86,600623.34,626627.6,4.15,253.0,253.0,253.0,居住,93.0,,,,0.0,52218.97,1.0,240.0,454.68,,2022年01月12日,否,0.0,0.0,否,0.0,0.0,,否,否,161.25,126.0,215.4,41.5042,否,,225.0,235.0,195.0,205.0,否,否,否,否,否,无,,,否,否,320.0,否,0.0,否,0.0,否,是,否,否,否,253.0,253.0,100.0,否,253.0,100.0,否,,运行,否,否,否,否,否,,,,,E963C1CF35EF6256E0533D14930A8E43,,,,,,,,,
汕头供电局,汕头潮阳供电局,关埠供电所,110kV关埠变电站,10kV关港线510,420480111028100.0,418008225525701.0,居委3#公用台变,10kV,D,农网,公变,200.0,柱上变,油浸式,S11-P-200,居住,150.0,112.0,56.0,2022年07月01日,46.0,23.0,476303.93,501544.1,5.03,262.0,262.0,262.0,居住,63.0,,,,0.0,41795.36,1.0,70.0,288.68,,2014年12月13日,否,0.0,0.0,否,0.0,0.0,,否,否,110.88,145.68,138.21,23.888,否,,224.0,234.0,194.0,204.0,否,否,否,否,否,无,,,否,否,420.0,否,0.0,否,0.0,否,是,否,否,否,262.0,262.0,100.0,否,262.0,100.0,否,,运行,否,否,否,否,否,,,,,E963C1CF3E3B6256E0533D14930A8E43,,,,,,,,,
汕头供电局,汕头潮阳供电局,关埠供电所,110kV关埠变电站,10kV关港线510,420480111028100.0,418007763513501.0,10kV居委台1#公用台变,10kV,D,农网,公变,500.0,柱上变,油浸式,S13-M·RL-500/10,居住,150.0,120.0,24.0,2022年07月01日,50.0,10.0,624817.79,637824.0,2.04,106.0,106.0,106.0,居住,0.0,,,,0.0,53152.0,2.0,240.0,721.71,,2014年11月06日,否,0.0,0.0,否,0.0,0.0,,否,否,124.6,143.2,152.6,18.3486,否,,224.0,234.0,194.0,204.0,否,否,否,否,否,无,,,否,否,720.0,是,0.0,否,0.0,否,是,否,否,否,106.0,106.0,100.0,否,106.0,100.0,否,,运行,否,否,否,否,否,,,,,E963C1CF2C076256E0533D14930A8E43,,,,,,,,,
汕头供电局,汕头潮阳供电局,关埠供电所,110kV关埠变电站,10kV关港线510,420480111028100.0,418007763503001.0,福仓1#公用台变,10kV,D,农网,公变,500.0,柱上变,油浸式,SBH15-M-500/10,居住,150.0,265.0,53.0,2022年07月01日,115.0,23.0,1072354.19,1118386.0,4.12,742.0,742.0,742.0,居住,189.0,,,,0.0,93198.87,2.0,150.0,721.71,,2002年01月01日,否,0.0,0.0,否,0.0,0.0,,否,否,325.35,265.35,225.15,30.7976,否,,220.0,230.0,190.0,200.0,否,否,否,否,否,无,,,否,否,740.0,是,0.0,否,0.0,否,是,否,否,否,742.0,742.0,100.0,否,742.0,100.0,否,,运行,否,否,否,否,否,,,,,E963C1CF36156256E0533D14930A8E43,,,,,,,,,
汕头供电局,汕头潮阳供电局,关埠供电所,110kV关埠变电站,10kV关港线510,420480111028100.0,418007763677801.0,10kV福仓4#公用台变,10kV,D,农网,公变,500.0,柱上变,油浸式,SBH15-M-500/10,居住,150.0,290.0,58.0,2022年07月01日,120.0,24.0,1287851.16,1326578.0,2.92,480.0,480.0,480.0,居住,70.0,,,,0.0,110548.17,2.0,240.0,721.71,,2020年05月20日,否,0.0,0.0,否,0.0,0.0,,否,否,224.0,376.0,322.0,40.4255,否,,227.0,237.0,197.0,207.0,否,否,否,否,否,无,,,否,否,560.0,是,0.0,否,0.0,否,是,否,否,否,480.0,480.0,100.0,否,480.0,100.0,否,,运行,否,否,否,否,否,,,,,E963C1CF2A9F6256E0533D14930A8E43,,,,,,,,,
汕头供电局,汕头潮南供电局,雷岭供电所,110kV红场变电站,10kV雷岭线513,418007751937201.0,418007769066801.0,10kV雷岭西坑1#公用台变,10kV,D,农网,公变,100.0,柱上变,油浸式,S11-100/10,工民混合,0.0,114.0,114.0,2022年01月31日,114.0,114.0,171968.84,173955.2,1.14,139.0,139.0,474.7,工民混合,92.0,49.0,0.0,0.54,0.54,26716.0,2.0,,144.34,400.0,2015年02月13日,否,0.0,45.0,否,0.0,465.0,,否,否,112.0,21.0,142.0,85.2113,否,,224.4,240.7,187.9,238.29,否,否,否,否,是,无,,,是,否,50.0,否,0.0,否,92.0,否,是,否,否,否,139.0,139.0,100.0,否,139.0,100.0,否,2017年06月30日,运行,否,否,否,否,否,,,,,E963C1CF22456256E0533D14930A8E43,,,,,,,,,
汕头供电局,汕头潮南供电局,雷岭供电所,110kV红场变电站,10kV红岭线510,419220808824100.0,419220446537100.0,10kV雷岭东老5#公用台变,10kV,D,农网,公变,200.0,柱上变,油浸式,S13-M.RL-200/10,工民混合,0.0,210.0,105.0,2022年01月31日,210.0,105.0,329025.11,341466.0,3.64,244.0,244.0,244.0,工民混合,28.0,14.0,0.0,1.11,1.11,61776.0,2.0,,288.68,400.0,2018年06月22日,否,0.0,45.0,否,0.0,870.0,,否,否,324.0,271.0,296.0,16.358,否,,198.5,240.3,184.9,237.9,是,否,否,否,是,严重,配电线路线径过细，有功损耗过大,,否,否,495.0,否,0.0,否,28.0,否,是,否,否,否,244.0,244.0,100.0,否,244.0,100.0,否,2017年06月30日,运行,否,否,否,否,否,,,,,E963C1CF1D286256E0533D14930A8E43,,,,,,,,,
汕头供电局,汕头潮南供电局,雷岭供电所,110kV红场变电站,10kV红岭线510,419220808824100.0,418007769209001.0,10kV雷岭东新1#公用台变,10kV,D,农网,公变,250.0,柱上变,油浸式,S9-250,工民混合,0.0,200.0,80.0,2022年01月31日,200.0,80.0,348428.64,362086.4,3.77,226.0,226.0,226.0,工民混合,254.0,49.0,0.0,2.34,2.34,63520.0,3.0,,360.85,400.0,2019年01月23日,否,0.0,0.0,否,0.0,15.0,,否,否,268.0,224.0,260.0,16.4179,否,,199.8,236.4,180.5,234.04,否,否,否,否,是,无,,,否,否,495.0,否,0.0,否,254.0,否,是,否,否,是,226.0,102.0,45.1327,是,226.0,100.0,否,2016年12月30日,运行,否,否,否,否,否,,,,,E963C1CF25616256E0533D14930A8E43,,,,,,,,,
汕头供电局,汕头潮阳供电局,和平供电所,110kV沙陇变电站,10kV新龙线545,418007782868801.0,419220759623200.0,10kV和平新龙学校公用台变,10kV,B,农网,公变,315.0,柱上变,油浸式,S11-M-315/10,居住,0.0,233.0,73.97,2022年07月01日,110.0,34.92,1100918.73,1155026.8,4.68,339.0,339.0,339.0,居住,143.0,,,,0.0,96252.27,2.0,240.0,454.68,,2018年02月12日,否,0.0,0.0,是,0.0,0.0,,是,否,241.8,290.76,323.76,25.315,否,,223.0,233.0,172.9,203.0,是,否,否,否,是,无,,,否,否,446.0,是,0.0,否,0.0,否,是,否,否,否,339.0,339.0,100.0,否,339.0,100.0,否,,运行,否,否,否,否,否,,,,,E963C1CF2B536256E0533D14930A8E43,,,,,,,,,
汕头供电局,汕头潮阳供电局,铜盂供电所,110kV铜盂变电站,10kV溪西线511,418007752298601.0,420220462282000.0,10kV铜盂溪西9#公用台变,10kV,C,农网,公变,500.0,柱上变,油浸式,SBH15-M-500/10,居住,150.0,345.0,69.0,2022年07月01日,130.0,26.0,1436816.24,1505708.0,4.58,406.0,406.0,406.0,居住,77.0,,,,0.0,125475.67,3.0,240.0,721.71,,2016年12月05日,否,0.0,0.0,是,0.0,0.0,,否,否,403.4,376.2,448.8,16.1765,否,,220.0,230.0,177.8,200.0,是,否,否,否,是,无,,,否,否,236.0,否,0.0,否,0.0,否,是,否,否,否,406.0,406.0,100.0,否,406.0,100.0,否,,运行,否,否,否,否,否,,,,,E963C1CF33F06256E0533D14930A8E43,,,,,,,,,
汕头供电局,汕头潮阳供电局,谷饶供电所,110kV上堡变电站,10kV横六线557,418007752164001.0,420220880286800.0,10kV谷饶官田20#公用台变,10kV,B,农网,公变,500.0,柱上变,油浸式,S13-M.RL-500/10,工民混合,0.0,430.0,86.0,2022年07月01日,205.0,41.0,1232040.13,1281870.0,3.89,332.0,332.0,332.0,工民混合,332.84,,,,0.0,106822.5,2.0,240.0,721.71,,2020年11月20日,否,0.0,0.0,是,20.0,0.0,,否,否,563.4,631.8,532.4,15.7328,否,,226.0,236.0,170.7,206.0,是,否,否,否,是,无,,,否,否,469.0,是,0.0,否,0.0,否,是,否,否,否,332.0,332.0,100.0,否,332.0,100.0,否,,运行,否,否,否,否,否,,,,,E963C1CF28D06256E0533D14930A8E43,,,,,,,,,
汕头供电局,汕头潮阳供电局,贵屿供电所,110kV东洋变电站,10kV西新线525,420220357401200.0,420220818906500.0,10kV贵屿山前村4#公用台变,10kV,C,农网,公变,500.0,柱上变,油浸式,S13-M-500/10,工民混合,0.0,400.0,80.0,2022年07月01日,175.0,35.0,294685.6,272688.0,-8.07,236.0,236.0,236.0,工民混合,294.0,,,,0.0,22724.0,3.0,240.0,721.71,,2020年07月20日,否,0.0,0.0,是,1.0,0.0,,否,否,447.4,512.0,591.0,24.2978,否,,226.0,236.0,159.2,206.0,是,否,否,否,是,无,,,否,否,350.0,否,0.0,否,0.0,否,是,否,否,否,236.0,236.0,100.0,否,236.0,100.0,否,,运行,否,否,否,否,否,,,,,E963C1CF391D6256E0533D14930A8E43,,,,,,,,,
汕头供电局,汕头潮阳供电局,贵屿供电所,110kV东洋变电站,10kV西新线525,420220357401200.0,418007770495601.0,10kV贵屿西美村4#公用台变,10kV,C,农网,公变,250.0,柱上变,油浸式,S11-250/10,工民混合,0.0,127.0,50.8,2022年07月01日,57.0,22.8,560507.48,584941.6,4.18,239.0,239.0,239.0,工民混合,566.0,,,,0.0,48745.17,1.0,50.0,360.85,,2014年12月18日,否,0.0,0.0,否,0.0,0.0,,否,否,238.16,156.32,167.12,34.3635,否,,227.0,237.0,174.0,207.0,是,否,否,否,是,无,,,否,否,400.0,否,0.0,否,0.0,否,是,否,否,否,239.0,239.0,100.0,否,239.0,100.0,否,,运行,否,否,否,否,否,,,,,E963C1CF38026256E0533D14930A8E43,,,,,,,,,
汕头供电局,汕头潮阳供电局,贵屿供电所,110kV东洋变电站,10kV西新线525,420220357401200.0,418007770537201.0,10kV贵屿西美村5#公用台变,10kV,C,农网,公变,500.0,柱上变,油浸式,S13-M-500/10,工民混合,0.0,405.0,81.0,2022年07月01日,165.0,33.0,934066.74,965860.0,3.29,299.0,299.0,299.0,工民混合,245.0,,,,0.0,80488.37,2.0,240.0,721.71,,2013年03月01日,否,0.0,0.0,是,1.0,0.0,,是,否,431.6,507.8,380.6,25.0492,否,,231.0,241.0,173.1,211.0,是,否,否,否,是,无,,,否,否,300.0,否,0.0,否,0.0,否,是,否,否,否,299.0,299.0,100.0,否,299.0,100.0,否,,运行,否,否,否,否,否,,,,,E963C1CF36DF6256E0533D14930A8E43,,,,,,,,,
汕头供电局,汕头潮阳供电局,贵屿供电所,110kV东洋变电站,10kV西新线525,420220357401200.0,418007770548401.0,10kV贵屿西美新村1#公用台变,10kV,C,农网,公变,315.0,柱上变,油浸式,SBH15-M-315/10.5,工民混合,0.0,141.0,44.76,2022年07月01日,53.0,16.83,534417.97,542529.0,1.5,202.0,202.0,202.0,工民混合,28.0,,,,0.0,45210.75,2.0,240.0,454.68,,2014年10月23日,否,0.0,0.0,否,0.0,0.0,,否,否,168.2,183.7,194.8,13.655,否,,233.0,243.0,184.3,213.0,否,是,否,否,是,无,,,否,否,400.0,否,0.0,否,0.0,否,是,否,否,否,202.0,202.0,100.0,否,202.0,100.0,否,,运行,否,否,否,否,否,,,,,E963C1CF3A7D6256E0533D14930A8E43,,,,,,,,,
汕头供电局,汕头潮阳供电局,贵屿供电所,110kV东洋变电站,10kV西新线525,420220357401200.0,418007770506501.0,10kV贵屿新寨公用台变,10kV,C,农网,公变,315.0,柱上变,油浸式,SH15-M-315/10,工民混合,0.0,119.0,37.78,2022年07月01日,31.0,9.84,359715.32,379174.0,5.13,152.0,152.0,152.0,工民混合,210.0,,,,0.0,31597.87,1.0,240.0,454.68,,2010年06月24日,否,0.0,0.0,否,0.0,0.0,,否,否,94.4,97.8,142.8,33.8936,否,,232.0,242.0,182.3,212.0,否,是,否,否,是,无,,,否,否,200.0,否,0.0,否,0.0,否,是,否,否,否,152.0,152.0,100.0,否,152.0,100.0,否,,运行,否,否,否,否,否,,,,,E963C1CF2AE66256E0533D14930A8E43,,,,,,,,,
汕头供电局,汕头潮阳供电局,贵屿供电所,110kV仙马变电站,10kV凤港线543,418007752369601.0,418008238326701.0,10kV凤新村5#公用台变,10kV,C,农网,公变,500.0,柱上变,油浸式,SBH15-M-500/10,工民混合,0.0,265.0,53.0,2022年07月01日,90.0,18.0,2030399.11,2112700.0,3.9,216.0,216.0,216.0,工民混合,63.0,,,,0.0,176058.37,2.0,240.0,721.71,,2010年12月01日,否,0.0,0.0,否,0.0,0.0,,否,否,355.2,248.4,263.2,30.0676,否,,232.0,242.0,175.8,212.0,是,否,否,否,是,无,,,否,否,430.0,是,0.0,否,0.0,否,是,否,否,否,216.0,216.0,100.0,否,216.0,100.0,否,,运行,否,否,否,否,否,,,,,E963C1CF2F896256E0533D14930A8E43,,,,,,,,,
